channel_elevation,channel_slope_r,channel_curvature,channel_dist_along,channel_dist_to_river_center,ridge1_elevation,ridge1_slope_r,ridge1_curvature,ridge1_dist_along,ridge1_dist_to_river_center,floodplain1_elevation,floodplain1_slope_r,floodplain1_curvature,floodplain1_dist_along,floodplain1_dist_to_river_center,ridge2_elevation,ridge2_slope_r,ridge2_curvature,ridge2_dist_along,ridge2_dist_to_river_center,floodplain2_elevation,floodplain2_slope_r,floodplain2_curvature,floodplain2_dist_along,floodplain2_dist_to_river_center,width,width_var,sinuosity,max_width,dist_out,n_chan_mod,n_chan_max,facc,meand_len,type,reach_id,node_id,slope,discharge_uncorrected,corrected_discharge,XGB_depth,superelevation1,superelevation2,superelevation_mean,ridge1_slope,ridge2_slope,ridge1_height,ridge2_height,ridge_height_mean,ridge_slope_mean,ridge_width,gamma1,gamma2,gamma_mean,lambda
421.5,0.0,0.0,9809.999999999814,10.045161290174292,439.13,0.0236666666666458,0.0004555555555586,8579.999999999975,1219.9548387096656,438.41,0.0023333333333329,3.333333333244371e-05,7949.999999999864,1849.9548387097768,432.0,0.0009999999999867,-0.000122222222221,12180.000000000044,2380.0451612904035,429.52,0.010666666666658,4.139165861909131e-15,12870.0000000002,3070.04516129056,329.0,274.916666666667,1.06913857321642,1370.0,4672730,2,2,33129.1279334507,3077.43278155677,1,62269900581,62269900580531,0.0010321108356562002,356.765,1841.2833400463242,1.6668133,0.4319620078123197,1.4878691380202842,0.9599155729163019,8.391608391608072e-05,0.0002036124794745492,0.7199999999999704,2.480000000000018,1.5999999999999943,0.00014376428169531497,4920.0000000003365,0.08130530270300686,0.1972777268103144,0.13929151475666063,0.13370809419001942
421.0,0.0,0.0,6509.999999999993,10.191096774264224,433.82,0.0153333333333033,0.0001555555555543,4559.99999999963,1939.808903226099,431.71,0.0023333333333318,4.444444444435788e-05,840.0000000000074,5659.808903225721,440.4,0.0059999999999946,7.777777777776834e-05,12300.000000000096,5800.191096774368,438.87,0.0019999999999963,-1.1111111111162987e-05,13080.000000000073,6580.191096774344,242.0,872.489795918367,1.0835608220667,1370.0,4670709,2,3,33280.1521128055,1891.20653246064,1,62269900581,62269900580431,0.0010321108356562002,356.765,1841.2833400463242,1.9560822,1.0786867613227527,0.7821757084472851,0.9304312348850189,0.00046271929824565457,0.00012439024390243584,2.1100000000000136,1.5299999999999727,1.8199999999999932,0.00029355477107404523,12240.000000000065,0.44832326360711516,0.12052023833598301,0.2844217509715491,0.26463488098461774
418.0,0.0,0.0,6989.9999999995935,11.223999999302578,430.91,0.0050000000000107,0.0001222222222224,5279.999999999892,1698.776000000399,430.24,0.0,0.0,4139.999999999807,2838.776000000484,429.95,0.0060000000000522,-0.0001333333333334,9749.999999999987,2771.2239999996964,426.94,0.0160000000000374,0.0005333333333358,11429.999999999973,4451.223999999682,217.0,6969.55555555555,1.03969912293041,217.0,4666675,1,1,33572.6116347306,2765.63323487938,1,62269900581,62269900580231,0.0010321108356562002,356.765,1841.2833400463242,2.041783,0.3281445525901427,1.4742016467109,0.9011730996505214,0.000126893939393945,0.0003087179487179482,0.6700000000000159,3.009999999999991,1.8400000000000034,0.0002178059440559466,7290.0000000001655,0.122946039330425,0.29911317472185056,0.21102960702613777,0.19017420508177602
416.5,0.0,0.0,5309.999999999865,1.5682580643679105,427.17,0.0220000000002717,-3.333333333237995e-05,4949.999999999652,358.4317419358458,423.43,0.0003333333333371,1.111111111137655e-05,4109.999999999721,1198.4317419357767,428.06,0.0093333333334497,0.0002111111111193,8550.000000000018,3241.5682580645207,427.31,0.0016666666666365,-1.7044597793042844e-15,8820.00000000043,3511.568258064932,169.0,384.888888888889,1.01774377479925,1370.0,4664638,2,2,33728.4302324775,2490.91096959959,1,62269900581,62269900580131,0.0010321108356562002,356.765,1841.2833400463242,3.2658558,1.1451822252487838,0.22964884196165394,0.6874155336052189,0.0007555555555556106,8.771929824561385e-05,3.740000000000009,0.75,2.2450000000000045,0.00042163742690061223,4710.0000000007085,0.7320488550778949,0.084990192153,0.4085195236154474,0.2808226663142626
412.5,0.0,0.0,11070.000000000196,8.284774193671183,422.36,0.0123333333333873,0.0003000000000043,11850.000000000096,788.2847741935711,416.16,0.0010000000000033,-3.333333333261029e-05,12930.000000000107,1868.284774193582,415.6,0.004000000000018,-1.1111111108914837e-05,10560.000000000058,501.7152258064671,415.25,0.0013333333333398,1.111111111172148e-05,10020.000000000056,1041.7152258064689,375.0,106.25,1.07258437877047,975.0,4658210,2,3,34195.8860257184,5787.64694507734,1,62269900571,62269900570521,0.0007557585224611971,350.499,1806.1780619558533,1.1664032,5.315486219580574,0.3000677704602137,2.8077769950203937,0.0005232067510548471,3.314393939394136e-05,6.199999999999989,0.35000000000002274,3.2750000000000057,0.00027817534522439424,2910.000000000051,0.6922935507905041,0.04385519767081829,0.3680743742306612,1.0334707604213778
410.5,0.0,0.0,5670.000000000154,9.33432258081666,422.45,0.0113333333332524,0.0002777777777726,6300.00000000011,639.334322580773,414.08,0.0003333333333294,-1.1111111111286947e-05,8880.000000000106,3219.3343225807685,422.27,0.0,-3.3333333333104955e-05,2880.0000000000937,2780.665677419244,419.48,0.0030000000000133,-4.2583124526742393e-16,809.9999999998087,4850.665677419528,180.0,497.551020408163,1.01994195780861,975.0,4656222,2,2,34351.7046234654,1049.52748178911,1,62269900571,62269900570421,0.0007557585224611971,350.499,1806.1780619558533,2.9112096,2.8750935858635756,0.9583645286211788,1.9167290572423772,0.0013285714285714062,0.0009687499999999559,8.370000000000005,2.7899999999999636,5.579999999999984,0.001148660714285681,8070.0000000002965,1.7579311236144466,1.2818247776354972,1.5198779506249718,2.9131942314248787
409.0,0.0,0.0,6389.9999999999645,4.776903225846581,422.71,0.0,-4.444444444434205e-05,5400.000000000123,994.7769032256884,419.45,0.0003333333333355,-1.111111111092079e-05,3480.0,2914.776903225811,419.66,0.0029999999999745,9.999999999826487e-05,9840.00000000021,3445.223096774398,416.05,0.0186666666665026,-0.0010888888888974,11970.0000000002,5575.223096774389,237.0,1225.95918367347,1.01293882549209,975.0,4654215,2,2,34505.1260120162,2589.43104838794,1,62269900571,62269900570321,0.0007557585224611971,350.499,1806.1780619558533,1.9560822,1.6665966075412992,1.845525691173046,1.7560611493571727,0.0006037037037036883,0.00036686991869918056,3.259999999999991,3.6100000000000136,3.4350000000000023,0.00048528681120143445,8490.0000000002,0.7988050227176688,0.4854327246015499,0.6421188736596094,1.1276000073026269
408.75,0.0583333333335349,0.0019444444444578,13320.000000000156,4.915483871247488,423.93,0.0159999999997716,0.0002777777777653,10980.000000000126,2335.0845161287834,419.47,0.0026666666666754,-4.4444444442400265e-05,7800.000000000058,5515.084516128851,420.13,0.0050000000000804,4.44444444474121e-05,16079.999999999549,2764.91548387064,415.35,0.0123333333333768,0.0002777777777797,17159.9999999998,3844.915483870891,433.0,2812.13888888889,1.09566812201203,975.0,4652227,2,3,34653.7529821749,4371.0063170974,1,62269900571,62269900570221,0.0007557585224611971,350.499,1806.1780619558533,0.8735108,5.1058328215084785,5.472170602423879,5.289001711966179,0.00040619307832421935,0.00029726368159204645,4.4599999999999795,4.779999999999973,4.619999999999976,0.0003517283799581329,9359.999999999742,0.5374641056000458,0.39333156392862095,0.4653978347643334,2.4614899448139123
405.5,0.0,0.0,6600.000000000164,8.118709677417428,414.5,0.0,-8.88888888894479e-05,5910.000000000282,698.1187096772992,408.49,0.0003333333333295,-3.33333333326118e-05,5220.0000000004,1388.118709677181,419.07,0.0033333333332976,0.0001111111111087,8370.000000000335,1761.8812903227536,417.88,0.0,-4.444444444442407e-05,8819.999999999955,2211.8812903223734,220.0,564.0,1.03232659207652,220.0,4650194,1,2,34792.7911155491,1385.20756958727,1,62269900571,62269900570121,0.0007557585224611971,350.499,1806.1780619558533,2.041783,2.9435056135323996,0.5828239068391937,1.7631647601857967,0.0010169204737732157,0.00014217443249700719,6.009999999999991,1.1899999999999977,3.5999999999999943,0.0005795474531351114,3599.9999999995543,1.3455626943663443,0.18812150742806458,0.7668421008972045,1.3520689689287921
404.0,0.0,0.0,10019.999999999523,0.9480000002658926,413.59,0.0526666666667906,0.0004555555555537,10470.000000000196,449.05200000040713,412.69,0.0016666666666253,-2.222222222345644e-05,12180.000000000346,2159.0520000005563,413.82,0.0023333333333457,4.444444444498509e-05,3870.000000000113,6150.9479999996765,407.95,0.0006666666666715,1.1111111111221346e-05,389.9999999999856,9630.947999999804,326.0,344.222222222222,1.07983430567548,326.0,4648206,1,2,34943.8152949038,1206.47214675562,1,62269900571,62269900570021,0.0007557585224611971,350.499,1806.1780619558533,1.6668133,0.5399525097654081,3.521690258136698,2.0308213839510527,8.59598853868157e-05,0.0015167958656330319,0.8999999999999773,5.8700000000000045,3.384999999999991,0.0008013778755099238,11790.00000000036,0.11373988229319523,2.0069847981249973,1.0603623402090963,2.153406515233014
401.5,0.0,0.0,5039.999999999902,0.172000000296066,409.57,0.0026666666667014,-0.0001000000000004,4649.999999999735,390.1720000004625,405.7,0.0013333333333203,-3.333333333277248e-05,3960.0000000002015,1080.1719999999964,415.72,0.1613333333318994,0.004322222222122,5580.000000000084,539.8279999998858,408.65,0.0026666666666443,2.222222222039498e-05,6210.000000000075,1169.8279999998767,169.0,458.64,1.00345768742263,1152.0,4645801,2,2,35104.428311043,689.875743126927,1,62269900561,62269900560461,0.000998240963219125,341.238,1754.3927316835438,3.0924323,1.251442125156731,2.2862263113328525,1.7688342182447916,0.0008322580645161773,0.0012670250896057247,3.8700000000000045,7.07000000000005,5.470000000000027,0.0010496415770609511,2249.999999999873,0.8337246167822182,1.2692577606911917,1.0514911887367049,1.859913594820376
399.5,0.0,0.0,7950.000000000084,3.1548387097136583,404.54,0.0,-2.222222222193708e-05,7320.000000000234,633.1548387095636,404.09,0.0003333333333394,-3.333333333352685e-05,6329.999999999809,1623.1548387099883,413.75,0.0083333333333308,0.0001888888888888,9629.99999999998,1676.845161290183,413.03,0.0,-4.444444444374649e-05,10140.0000000002,2186.8451612904028,267.0,753.472222222222,1.01297968763983,1152.0,4643789,2,4,35233.8776076328,2874.24729281056,1,62269900561,62269900560361,0.000998240963219125,341.238,1754.3927316835438,1.925386,0.23371937430704567,0.3739509988912495,0.3038351865991476,6.147540983606983e-05,7.47663551401899e-05,0.4500000000000455,0.7200000000000273,0.5850000000000364,6.812088248812987e-05,3810.000000000391,0.0615837378961329,0.07489810365934448,0.06824092077773869,0.020733992898201884
396.0,0.0,0.0,10259.999999999933,6.518838709840566,406.32,0.0016666666666549,5.555555555475975e-05,8759.999999999996,1506.518838709777,399.49,0.0016666666666549,-5.301170382256887e-16,1199.9999999999068,9066.518838709866,408.57,0.0133333333332355,0.0003999999999937,11820.00000000002,1553.4811612902467,408.49,0.0053333333334241,-6.666666666299212e-05,12239.999999999893,1973.4811612901196,374.5,738.666666666667,1.03837116211174,1152.0,4639803,3,3,35514.3510835773,796.875907658813,1,62269900561,62269900560161,0.000998240963219125,341.238,1754.3927316835438,1.1682746,5.8462280700859175,0.06847704913715687,2.9573525596115373,0.0007796803652968022,6.768189509304903e-06,6.829999999999984,0.07999999999998408,3.454999999999984,0.00039322427740305356,11039.999999999985,0.781054268482923,0.006780115982697066,0.3939171922328101,1.164952016724691
380.0,0.0,0.0,16649.999999999785,5.32167741966623,394.66,0.0,-7.777777777624411e-05,10980.000000000353,5675.321677419099,384.47,0.0,-8.8888888889633e-05,869.9999999998164,15785.321677419635,391.17,0.001333333333328,-3.333333333317351e-05,18060.00000000004,1404.6783225805848,388.86,0.0,-0.0001333333333324,19110.000000000004,2454.678322580552,561.5,582.666666666667,1.05325162774065,2715.0,4620941,2,3,36835.2133506324,5224.70079013951,1,62269900541,62269900540341,0.00072639134536058,320.473,1638.7251228427579,0.24167562,42.16395595766237,9.55826675782141,25.86111135774189,0.0009280510018214636,0.0001279069767441859,10.189999999999998,2.3100000000000023,6.25,0.0005279789892828247,18240.00000000019,1.2776184734976157,0.17608549105261292,0.7268519822751143,18.797200054212166
378.5,0.0,-0.0005555555555609,8459.999999999744,10.767483871251898,391.05,0.0096666666666257,8.88888888881059e-05,8970.000000000322,499.23251612932654,386.07,0.0009999999999947,-4.040460096111674e-18,12540.000000000118,4069.232516129123,390.41,0.0243333333332272,0.0004999999999956,5220.000000000066,3250.767483870929,386.22,0.0013333333333115,-5.555555555671541e-05,1350.0000000002162,7120.767483870779,288.5,1754.22222222222,1.02671496212356,288.5,4618934,1,1,36979.0459023988,1163.05941505968,1,62269900541,62269900540241,0.00072639134536058,320.473,1638.7251228427579,1.5767547,3.1583860406809725,2.6573569298098834,2.907871485245428,0.0005551839464882764,0.0008026819923371541,4.980000000000018,4.189999999999998,4.585000000000008,0.0006789329694127153,11189.999999999902,0.7643041867640694,1.105026921732807,0.9346655542484382,2.7178873134401473
380.38,0.002333333333335,7.777777777790223e-05,22020.00000000002,4.768000000472966,397.49,0.0193333333333445,0.0005666666666673,27059.99999999976,5044.768000000211,393.29,0.0003333333333351,-0.0003000000000004,28170.000000000146,6154.7680000006,391.78,0.0,-0.0055666666665654,19350.00000000033,2665.231999999214,370.82,0.0016666666666882,4.444444444572953e-05,2339.999999999717,19675.23199999983,736.0,8817.36,1.01527497007977,2715.0,4616923,3,5,37113.2896173808,3811.56346064518,1,62269900541,62269900540141,0.00072639134536058,320.473,1638.7251228427579,0.25730932,16.32276685258561,81.45837934052261,48.89057309655411,0.000155210643015522,0.0010832041343669056,4.199999999999989,20.95999999999998,12.579999999999984,0.0006192073886912137,25830.00000000043,0.2136735851918439,1.4912128858435172,0.8524432355176805,41.676438316740246
379.7,0.0110000000000341,-0.0028222222222412,18269.99999999972,9.63509677412003,387.86,0.0,-0.0006111111111061,14610.000000000018,3650.3649032255817,384.67,0.0010000000000023,-3.3333333333584456e-05,11099.999999999804,7160.364903225796,391.54,0.0010000000000023,-5.555555555593199e-05,23009.999999999327,4749.635096773727,387.04,0.0003333333333341,1.1111111111173763e-05,24779.999999999567,6519.635096773967,586.5,310.472222222222,1.01527497007977,2715.0,4616727,3,5,37127.6728725575,3811.56346064518,1,62269900541,62269900540131,0.00072639134536058,320.473,1638.7251228427579,0.24167562,13.19951123699145,18.62000017757416,15.909755707282805,0.00021834360027378464,0.0001955671447196928,3.1899999999999977,4.5,3.844999999999999,0.00020695537249673874,13679.999999999764,0.3005867314751652,0.2692311052007557,0.28490891833796045,4.532831289583137
373.43,0.0170000000000316,0.0005666666666687,13080.000000000144,4.897161290142321,383.6,0.113666666666888,0.0035888888889028,11789.999999999822,1294.8971612904645,367.67,0.0013333333333346,2.222222222222408e-05,2549.999999999789,10534.897161290495,382.35,0.0016666666666683,2.2222222222288248e-05,16980.000000000106,3895.10283870982,379.51,0.0010000000000028,5.1029782251743904e-17,18659.99999999964,5575.102838709354,429.0,4533.71428571429,1.01408139007289,2715.0,4610334,2,3,37595.1286657983,2477.64869178604,1,62269900531,62269900530771,0.0010318088439051,319.445,1633.0153019735205,0.8816044,18.069329599137095,3.221399627215939,10.645364613176516,0.0013511450381679599,0.0001672555948174331,15.930000000000007,2.840000000000032,9.38500000000002,0.0007592003164926964,16109.999999999849,1.3094916235203646,0.16209940029629782,0.7357955119083313,7.83281150500305
370.5,0.0,0.0,11940.000000000236,7.188774193233257,370.5,0.0,-0.0119555555553772,10800.000000000342,1147.1887741931278,366.23,0.0009999999999935,6.296323416300528e-17,540.0000000002061,11407.188774193264,382.09,0.0016666666666547,2.2222222221836867e-05,15750.000000000004,3802.811225806534,379.74,0.0016666666666547,1.1111111110888117e-05,17310.000000000142,5362.811225806672,387.0,4766.24489795918,1.01408139007289,2715.0,4610121,2,3,37611.9091301711,2477.64869178604,1,62269900531,62269900530761,0.0010318088439051,319.445,1633.0153019735205,0.8816044,4.843442397257692,2.6655947619567826,3.7545185796072373,0.00039537037037035616,0.000149206349206347,4.269999999999982,2.349999999999966,3.309999999999974,0.0002722883597883516,16769.999999999935,0.3831818002974203,0.1446065810423216,0.26389419066987096,0.9907956419204454
370.5,0.0,0.0,13350.000000000018,3.0481290322641144,370.5,0.0,-0.0120333333331027,12210.000000000198,1143.048129032084,366.47,0.0010000000000206,3.3333333334676865e-05,2789.999999999619,10563.048129032664,382.7,0.0036666666666368,-4.444444444322641e-05,17490.000000000415,4136.951870968132,380.2,0.0073333333332532,0.0002222222222173,19170.00000000048,5816.951870968198,435.5,325.805555555556,1.01408139007289,2715.0,4609908,2,3,37626.2923853477,2477.64869178604,1,62269900531,62269900530751,0.0010318088439051,319.445,1633.0153019735205,0.8816044,4.571211442845071,2.8357391084647032,3.703475275654887,0.0003300573300573225,0.0001429388221841018,4.029999999999973,2.5,3.2649999999999864,0.00023649807612071213,16380.000000000862,0.3198822456378163,0.13853227080620809,0.2292072582220122,0.8488634138258675
368.5,0.0,0.0,15870.000000000053,8.178967741778251,368.0,0.0166666666664746,0.0005555555555427,14369.999999999922,1508.1789677419092,368.42,0.0003333333333391,2.2248912781983113e-16,5909.99999999981,9968.17896774202,379.56,0.0003333333333398,-4.44444444445103e-05,17849.999999999454,1971.8210322576235,376.77,0.0060000000001239,0.0001333333333408,18779.99999999945,2901.82103225762,506.0,2452.40816326531,1.00063140981878,2715.0,4607922,3,3,37782.1109830947,809.999111105688,1,62269900531,62269900530651,0.0010318088439051,319.445,1633.0153019735205,0.7090521,-0.5923401233364268,3.934830819306144,1.6712453479848586,-2.9227557411274754e-05,0.00015630252100840928,-0.4200000000000159,2.7900000000000205,1.1850000000000023,6.353748179856725e-05,12869.99999999964,0.02832652344852642,0.15148399040354135,0.08990525692603389,0.15025374239701764
366.52,0.0226666666668112,0.0004888888888968,12419.999999999822,6.733548387281189,365.97,0.1203333333341052,0.0017222222222592,11909.999999999987,516.7335483871157,370.86,0.0019999999999997,1.1111111110371056e-05,5519.999999999888,6906.733548387215,376.54,0.0023333333333478,7.777777777875111e-05,17489.999999999676,5063.266451612573,368.79,0.0066666666666646,0.0002222222222221,19230.00000000016,6803.2664516130535,423.0,4160.80555555556,1.0186960171554,423.0,4603911,1,2,38072.1732958237,1196.17314960707,1,62269900531,62269900530451,0.0010318088439051,319.445,1633.0153019735205,0.8816044,-5.546705696156944,8.79079123624058,1.6220427700418178,-0.0004105793450881605,0.00044311034877073433,-4.889999999999986,7.75,1.4300000000000068,1.6265501841286904e-05,13710.00000000027,0.397921909192245,0.4294500394992632,0.4136859743457541,0.6710163437552353
361.0,0.0,0.0,17130.00000000003,11.99070967755688,376.21,0.0006666666666716,5.482232145131119e-16,21630.00000000004,4511.990709677568,368.22,0.0023333333332821,6.666666666338844e-05,24540.00000000039,7421.990709677917,374.52,0.099666666667241,0.003300000000038,16169.999999999916,948.009290322556,367.09,0.0016666666666747,4.444444444516125e-05,11070.000000000184,6048.0092903222885,582.5,6097.66666666667,1.01868529169465,2715.0,4601901,3,3,38211.2114291979,2503.92242847624,1,62269900531,62269900530351,0.0010318088439051,319.445,1633.0153019735205,0.24167562,33.06084475973703,30.743689182083585,31.902266970910308,0.00036939435968561896,0.00045949288806431944,7.989999999999952,7.430000000000007,7.7099999999999795,0.00041444362387496917,13470.000000000206,0.3580065841339055,0.4453275340471699,0.4016670590905377,12.814089752526739
364.51,0.010999999999862,0.0001999999999901,25380.00000000072,13.835225806862582,364.64,0.0066666666665991,-0.0032222222222509,24510.000000000466,856.1647741933921,353.39,0.0226666666663851,0.0007333333333144,11340.000000000216,14026.16477419364,376.36,0.0040000000000675,8.88888888931721e-05,30330.00000000052,4963.835225806659,370.32,0.0009999999999867,-9.78210568091222e-16,32850.00000000097,7483.83522580711,845.0,1956.55555555556,1.04667111246952,2715.0,4599909,4,4,38345.4551441799,2635.72563244852,1,62269900531,62269900530251,0.0010318088439051,319.445,1633.0153019735205,0.25730932,43.72169692656872,23.473693283242305,33.59769510490551,0.00045899632802936705,0.0001991427629409798,11.25,6.0400000000000205,8.64500000000001,0.0003290695454851734,21510.00000000075,0.4448462820808919,0.1930035433571994,0.31892491271904566,10.715141978893097
357.0,0.0,0.0,35669.999999999745,7.399354839384614,370.01,0.0343333333333657,0.0010888888888909,34620.00000000067,1042.600645159691,346.86,0.0009999999999999,-6.315839055457587e-17,16259.999999999773,19402.600645160583,376.09,0.0060000000000041,-2.2222222222371467e-05,39330.00000000023,3667.399354839872,369.79,0.0043333333333373,0.0001111111111113,43169.99999999964,7507.399354839283,1178.0,13337.6326530612,1.02214234209031,2715.0,4597919,4,6,38489.2876959463,1673.00856314699,1,62269900531,62269900530151,0.0010318088439051,319.445,1633.0153019735205,0.7915098,29.247900394982217,7.95947181375321,18.603686104367714,0.0006686886192951915,0.00016018306636155397,23.149999999999977,6.2999999999999545,14.724999999999966,0.00041443584282837274,26909.999999999865,0.6480741304410584,0.15524490539866578,0.4016595179198621,7.472347592212773
354.1,0.0253333333332024,-0.0002888888888918,15839.99999999975,13.360000000591754,364.07,0.0019999999999896,-3.333333333347683e-05,16710.000000000087,856.6399999997448,359.82,0.0,-7.777777777875111e-05,19109.999999999705,3256.6399999993628,359.03,0.0,-0.0041888888888673,13919.999999999878,1933.3600000004644,351.6,0.0050000000000013,0.0001111111111114,1020.000000000102,14833.36000000024,530.0,5264.8,1.01812033231315,2881.0,4591532,2,2,38971.1267443638,3819.83882925713,1,62269900521,62269900520431,0.000779737352665654,322.209,1648.3709775899945,0.7090521,5.993917914713616,10.478778848546321,8.236348381629968,0.00025433871932974134,0.0005337643678160931,4.25,7.42999999999995,5.839999999999975,0.0003940515435729172,18089.999999999603,0.3261851166424754,0.6845437966917144,0.505364456667095,4.162357724803336
354.21,0.0,-0.0001000000000006,13859.99999999971,5.490967742043722,358.08,0.0053333333332947,-0.0004000000000064,12149.999999999976,1715.490967741778,350.92,0.0033333333333935,0.0001111111111151,2399.999999999792,11465.490967741962,358.99,0.036000000000508,0.0011777777778115,16139.999999999916,2274.509032258162,356.89,0.0003333333333291,-4.715918049532882e-17,16860.00000000033,2994.509032258577,478.0,1240.8,1.01134024042263,2881.0,4589539,3,3,39105.3704593458,1150.77184648082,1,62269900521,62269900520331,0.000779737352665654,322.209,1648.3709775899945,0.6597186,10.85311266352074,3.183175501870657,7.018144082695699,0.0005893004115226322,0.00013011152416357087,7.159999999999968,2.1000000000000227,4.6299999999999955,0.00035970596784310155,14460.000000000538,0.7557678358078097,0.16686583465414898,0.4613168352309793,3.237588017424204
352.39,0.0069999999999613,-1.1252572947438756e-15,22650.00000000014,4.458838709524571,347.5,0.0,0.0,20309.99999999993,2344.458838709732,347.69,0.0,-4.444444444419231e-05,8640.000000000164,14014.4588387095,359.56,0.0083333333333272,-6.666666666490143e-05,25830.000000000266,3175.5411612906028,357.4,0.0059999999999634,7.777777777614943e-05,26760.000000000546,4105.541161290883,748.0,1109.84,1.02738785105846,2881.0,4587542,2,2,39244.4085927201,5839.89589382973,1,62269900521,62269900520231,0.000779737352665654,322.209,1648.3709775899945,0.25730932,-0.738410881426485,8.394565809901291,3.828077464237403,-9.354997538158462e-06,8.362369337979105e-05,-0.18999999999999773,2.160000000000025,0.9850000000000136,3.7134347920816296e-05,18120.000000000382,0.0119976265163865,0.10724597596089297,0.059621801238639735,0.22823687369887846
350.54,0.0016666666667007,-0.0004333333333369,14999.9999999999,8.764774193450648,359.9,0.0053333333332914,-5.555555556146322e-05,10349.999999999816,4658.764774193534,350.07,0.0003333333333401,-0.0004111111111162,5789.999999999722,9218.764774193629,358.17,0.0056666666666149,0.0001666666666636,17580.00000000026,2571.235225806908,356.62,0.0013333333333215,-4.44444444436926e-05,18120.00000000036,3111.2352258070096,490.0,497.387755102041,1.02738785105846,2881.0,4585566,3,3,39393.0355628787,5839.89589382973,1,62269900521,62269900520131,0.000779737352665654,322.209,1648.3709775899945,0.6597186,14.900292944470555,2.349486679952143,8.62488981221135,0.0009497584541062955,8.816837315130765e-05,9.829999999999984,1.5500000000000114,5.689999999999998,0.0005189634136288016,12330.000000000638,1.2180491942054563,0.11307445109547501,0.6655618226504657,5.740397383574819
340.0,0.0,0.0,14009.999999999754,12.146580645121505,348.76,0.0053333333333846,5.733000879636178e-15,15900.000000000156,1902.1465806455235,344.51,0.0006666666666707,-2.2222222221204937e-05,17610.00000000023,3612.146580645596,353.89,0.0003333333333353,-0.0001777777777807,10889.999999999927,3107.8534193547057,345.75,0.0006666666666511,-1.1111111111665562e-05,5340.000000000308,8657.853419354324,506.0,5142.33333333333,1.02510102123894,2289.0,4579190,3,3,39874.8746112962,3827.58693982557,1,62269900511,62269900510411,0.00114882505807128,323.755,1656.9649023206894,0.7090521,5.993917914713616,11.480115723710295,8.737016819211956,0.0002672955974842741,0.0007474747474747512,4.25,8.139999999999986,6.194999999999993,0.0005073851724795126,12269.99999999992,0.2326686692689545,0.6506427956312678,0.44165573245011114,3.8587535627179967
341.72,0.0019999999999782,1.111111111098783e-05,23010.000000000186,14.361290323227877,350.73,0.0016666666666453,4.444444444301619e-05,16440.000000000065,6555.638709676892,341.75,0.0020000000000401,5.5555555558150135e-05,6509.999999999639,16485.638709677318,345.73,0.0033333333333988,-3.333333333009335e-05,24449.9999999993,1454.3612903223438,343.81,0.0023333333333744,-3.333333333150137e-05,25889.99999999932,2894.361290322362,772.0,190.333333333333,1.0366027847412,2289.0,4577207,3,4,40016.3099538666,4572.74765893668,1,62269900511,62269900510311,0.00114882505807128,323.755,1656.9649023206894,0.25730932,34.899630080052255,7.46183627546779,21.180733177760022,0.0005462287104622861,7.852760736196609e-05,8.980000000000018,1.920000000000016,5.450000000000017,0.00031237815891212606,19379.99999999968,0.4754672668607432,0.06835471320046169,0.27191099003060243,5.759274127938755
339.17,0.0889999999986622,-0.0001555555556493,23700.000000000207,5.259999999751017,348.97,0.0013333333333547,-3.3333333332016924e-05,16079.999999999589,7625.2600000003695,336.77,0.0009999999999849,2.2222222221229186e-05,8550.000000000198,15155.25999999976,342.93,0.0063333333332433,9.999999999714804e-05,24990.000000000266,1284.7400000003072,341.64,0.0033333333332812,-4.444444444817101e-05,26580.00000000007,2874.7400000001107,793.0,3230.20408163265,1.01256008323303,2289.0,4575233,2,3,40172.1285516135,2585.15652145954,1,62269900511,62269900510211,0.00114882505807128,323.755,1656.9649023206894,0.25730932,47.41375133370136,5.013421247579959,26.213586290640663,0.0007587064676617138,5.1620648259303995e-05,12.200000000000045,1.2900000000000205,6.745000000000033,0.0004051635579605089,18029.99999999987,0.6604194975825807,0.04493342819834379,0.35267646289046223,9.24491489265706
330.01,0.0003333333333356,1.1111111111273473e-05,16950.000000000033,13.75161290343749,337.6,0.0016666666666797,3.333333333387279e-05,13829.999999999956,3133.751612903514,333.31,0.0013333333333029,-2.2222222223232767e-05,9570.000000000287,7393.751612903183,338.71,0.0096666666664403,-0.0090333333332031,17610.0000000005,646.2483870970282,337.35,0.0046666666667037,2.2222222222588548e-05,20310.00000000004,3346.248387096566,570.0,697.959183673469,1.0392418020921,1410.0,4566840,2,2,40793.0057334053,2956.20696766724,1,62269900501,62269900500311,0.000523932525948269,328.199,1681.687953694979,0.20597446,20.827824999898816,6.602760372928055,13.715292686413434,0.00031019522776572916,7.722884724587838e-05,4.2900000000000205,1.3599999999999568,2.8249999999999886,0.00019371203750580377,10739.999999999749,0.5920518624116812,0.14740227686017654,0.36972706963592883,5.070914974146725
328.0,0.0,0.0,8699.999999999933,9.782451612734803,334.95,0.1193333333332966,0.0015555555555647,6990.000000000116,1700.2175483870817,334.1,0.0033333333333173,0.00011111111111,4020.0000000000346,4670.217548387163,338.59,0.0020000000000519,6.666666667012931e-05,12209.999999999562,3519.782451612364,331.94,0.0076666666666649,0.0001555555555559,13079.99999999986,4389.782451612662,317.0,1370.56,1.04678211744825,1410.0,4564830,2,2,40941.6327035639,7679.5687575173,1,62269900501,62269900500211,0.000523932525948269,328.199,1681.687953694979,1.6588213,0.5124120224772672,4.008870528792885,2.260641275635076,0.00012160228898425633,0.0005446355446355624,0.8499999999999659,6.649999999999977,3.7499999999999716,0.0003331189168099093,9059.999999999825,0.2320953232750105,1.0395146658433216,0.6358049945591661,1.4373270139553858
323.5,0.0,0.0,9149.999999999589,12.545161289875978,332.7,0.0036666666666303,-0.0010333333333145,7710.000000000428,1427.4548387092846,328.4,0.0,-3.33333333328124e-05,5940.000000000083,3197.45483870963,331.86,0.0013333333333229,4.444444444372881e-05,10770.000000000347,1632.5451612906345,329.72,0.001333333333323,-5.555555555447613e-05,11700.000000000464,2562.545161290751,268.0,1557.22222222222,1.01150469701891,1955.0,4560413,2,3,41260.4615266462,1037.47200497083,1,62269900491,62269900490511,0.0008704215505916119,330.565,1694.8624099710526,1.925386,2.2333184656004392,1.11146546892672,1.6723919672635796,0.0005577172503242247,0.000198700092850503,4.300000000000011,2.1399999999999864,3.219999999999999,0.00037820867158736384,5760.000000000381,0.6407438441122615,0.228280300178057,0.43451207214515924,0.7266744991346173
324.79,0.0139999999999273,0.0,5970.000000000109,0.1665806450773743,331.15,0.0093333333332848,-0.000211111111109,8550.000000000387,2579.833419355201,326.18,0.0006666666666627,-0.00011111111111,9600.000000000224,3629.833419355037,331.67,0.0153333333332485,-8.888888888819532e-05,5430.000000000124,540.1665806450628,328.59,0.0006666666666645,-6.256966877454396e-16,4109.999999999825,1860.166580645361,184.0,86.8163265306123,1.01814702862905,184.0,4558422,1,1,41416.2801243931,1368.92162057812,1,62269900491,62269900490411,0.0008704215505916119,330.565,1694.8624099710526,2.1595674,2.301386889341225,1.4262115933945896,1.8637992413679072,0.0005812865497075725,0.0005672191528545066,4.96999999999997,3.080000000000041,4.025000000000006,0.0005742528512810395,5490.000000000398,0.6678218724162805,0.6516602816979619,0.6597410770571213,1.2296249189183086
316.5,0.0,0.0,10469.999999999878,6.550064515917256,326.65,0.0046666666666597,4.444444444490239e-05,11430.000000000142,966.550064516181,318.64,0.0,-1.1111111110956831e-05,15570.000000000296,5106.550064516336,328.06,0.0089999999999415,-1.1111111110958215e-05,6960.000000000051,3503.44993548391,323.45,0.0003333333333308,-4.444444444520624e-05,5309.999999999964,5153.449935483997,338.5,2044.25,1.00563055976736,1955.0,4552437,4,4,41833.3945245158,1922.71609442153,1,62269900491,62269900490111,0.0008704215505916119,330.565,1694.8624099710526,1.6588213,4.828729764756553,2.7790816748474163,3.8039057198019846,0.0007007874015747936,0.0006623563218390775,8.009999999999991,4.610000000000014,6.310000000000002,0.0006815718617069356,10260.000000000333,0.8051126504145943,0.7609603891228156,0.783036519768705,2.9785970963620167
319.75,0.0013333333333508,3.333333333439778e-05,7919.999999999691,10.98464516180411,322.53,0.0003333333333296,-4.444444444483233e-05,8820.000000000215,889.0153548387198,321.3,0.0003333333333296,1.111111111087599e-05,10110.000000000067,2179.0153548385724,322.12,0.0023333333333096,5.555555555400402e-05,6600.000000000254,1330.9846451612411,321.25,0.005666666666739,0.0001000000000045,5969.999999999736,1960.9846451617584,254.0,3313.36,1.02852657908652,2276.0,4550007,2,2,41984.4187038705,2706.286031842,1,62269900481,62269900480511,0.000521860079458119,351.444,1811.4689799312337,1.9333786,0.6361920083756754,0.4499894693389088,0.5430907388572921,0.00013945578231291738,0.00013181818181817745,1.2299999999999613,0.8700000000000045,1.049999999999983,0.00013563698206554741,4140.000000000331,0.26722830084593424,0.252592959314023,0.2599106300799786,0.1411550561269999
312.5,0.0,0.0,10589.999999999947,6.679999999871143,323.54,0.0033333333333383,-2.222222222226668e-05,9209.999999999858,1373.320000000218,318.23,0.0023333333332669,6.666666666256065e-05,7980.000000000396,2603.3199999996805,324.62,0.0006666666666669,-0.0001555555555559,14489.999999999844,3906.679999999768,317.59,0.0013333333333356,2.2222222222319063e-05,16560.000000000095,5976.6800000000185,341.5,5851.22222222222,1.05073986937524,341.5,4547994,1,1,42133.0456740292,3553.72255588654,1,62269900481,62269900480411,0.000521860079458119,351.444,1811.4689799312337,1.6668133,3.18571980761599,4.217629048501034,3.701674428058512,0.0005765472312703674,0.000485162180814362,5.310000000000002,7.03000000000003,6.170000000000016,0.0005308547060423646,8579.999999999698,1.1047927480274666,0.9296786627521638,1.0172357053898153,3.7654753979495417
316.67,0.0003333333333316,1.1111111111008036e-05,12689.999999999787,13.190709677717678,316.99,0.0,-0.00476666666664,11610.000000000118,1093.1907096773866,316.5,0.0056666666666592,2.222222222266803e-05,8610.000000000377,4093.190709677128,323.88,0.0006666666666825,-7.777777777872955e-05,15719.999999999654,3016.809290322149,318.64,0.0003333333333316,-3.3333333334368646e-05,18569.999999999844,5866.809290322339,416.5,2839.13888888889,1.02454498378801,2276.0,4546001,3,3,42281.6726441878,4031.51783147942,1,62269900481,62269900480311,0.000521860079458119,351.444,1811.4689799312337,0.8735108,0.5609547270267292,5.99878116248982,3.2798679447582746,4.220499569336814e-05,0.00033333333333334124,0.4900000000000091,5.240000000000009,2.865000000000009,0.0001877691645133547,9959.999999999467,0.08087416024845646,0.6387408166561864,0.35980748845232147,1.1801210476587523
314.94,0.0046666666666113,2.2222222217540008e-05,17549.999999999964,13.59703225827252,323.57,0.0013333333333184,-0.0001222222222245,18840.00000000023,1276.402967741993,317.08,0.0016666666666995,3.333333333536572e-05,21990.00000000001,4426.402967741775,314.95,0.0383333333340805,-0.0006111111110758,16409.999999999593,1153.5970322586436,317.07,0.0053333333334351,0.0001666666666733,14429.99999999967,3133.5970322585654,571.0,1941.10204081633,1.01467222979569,2276.0,4543993,4,5,42439.8884511309,1620.1777680151,1,62269900481,62269900480211,0.000521860079458119,351.444,1811.4689799312337,0.17950389,36.155205751939526,-11.810329151635107,12.172438300152209,0.00034447983014861626,-0.0001291895185862314,6.490000000000009,-2.1200000000000045,2.1850000000000023,0.00010764515578119243,7560.00000000034,0.6600999840921189,0.24755585581556117,0.45382791995384003,5.5241923545245335
311.0,0.0,0.0,9390.000000000033,8.327225806799106,316.8,0.0066666666666145,0.0001222222222173,7349.999999999935,2031.6727741932984,315.62,0.0016666666666541,2.222222222179072e-05,6300.000000000027,3081.6727741932064,315.93,0.0049999999999607,-6.66666666726946e-05,9599.99999999985,218.3272258066172,314.84,0.0,-1.1111111110929886e-05,10950.000000000122,1568.3272258068882,294.0,503.102040816326,1.02228898675885,2276.0,4541989,3,3,42595.7070488778,1439.17738238275,1,62269900481,62269900480111,0.000521860079458119,351.444,1811.4689799312337,1.7060465,0.691657599158155,0.6389040534596666,0.6652808263089107,0.00016054421768707717,0.00011354166666667175,1.1800000000000068,1.0900000000000318,1.1350000000000193,0.00013704294217687448,4650.000000000095,0.3076384341446094,0.21757109067351807,0.2626047624090637,0.17470591332815708
310.0,0.0,0.0,23789.999999999825,7.82735483830038,316.41,0.0046666666666803,-0.0001666666666677,24389.99999999981,592.1726451616851,311.49,0.0140000000000446,0.0004555555555584,26489.999999999745,2692.17264516162,315.82,0.0023333333333401,7.777777777824178e-05,21479.99999999999,2317.8273548381367,314.57,0.0016666666666718,-5.555555555384773e-05,20310.00000000012,3487.8273548380057,773.5,1430.80555555556,1.01497374029994,1950.0,4539577,3,4,42768.3061109976,1076.26288432955,1,62269900471,62269900470511,0.000870976425212568,354.851,1830.5544584765005,0.1951375,25.212990741215965,6.405739517585337,15.80936512940065,0.00020172201722017441,5.8193668528864086e-05,4.920000000000016,1.25,3.085000000000008,0.00012995784287451925,6179.999999999625,0.2316044514878146,0.06681428663773707,0.14920936906277585,2.3589053962409205
308.5,0.0,0.0,12689.999999999853,0.5916129032721074,316.09,0.0,-0.0001333333333324,13440.000000000058,749.4083870969334,310.11,0.0063333333332245,0.0001444444444378,16380.000000000451,3689.4083870973263,308.5,0.0,0.0,12359.999999999747,330.5916129033776,310.42,0.0016666666666843,2.2222222223701668e-05,8670.000000000085,4020.5916129030393,423.0,261.555555555556,1.0966756718727,1950.0,4537575,2,2,42895.3581983912,8591.33800192221,1,62269900471,62269900470411,0.000870976425212568,354.851,1830.5544584765005,0.8735108,6.845937280856647,-2.1980266854924677,2.32395529768209,0.0004449404761904714,-0.00015533980582524719,5.979999999999961,-1.920000000000016,2.0299999999999727,0.0001448003351826121,7710.000000000366,0.5108524907340408,0.1783513322847233,0.3446019115093821,0.8008394378436032
307.0,0.0356666666661236,0.001099999999964,12810.000000000213,2.7030967741993663,312.95,0.0190000000002405,-0.0008222222222025,11609.999999999663,1202.7030967747487,305.47,0.0030000000000268,-0.0003333333333289,8399.999999999965,4412.703096774447,312.26,0.0076666666667644,0.0001777777777844,13739.999999999902,927.2969032254896,308.49,0.0009999999999858,3.333333333235967e-05,15809.999999999962,2997.2969032255496,414.5,1194.22222222222,1.03191456010031,1950.0,4533569,3,4,43183.0233019241,2925.04181220683,1,62269900471,62269900470211,0.000870976425212568,354.851,1830.5544584765005,0.8735108,8.563145628897622,4.315916981409632,6.439531305153627,0.0006442721791559155,0.0002743813682678318,7.479999999999961,3.769999999999982,5.624999999999972,0.0004593267737118736,7409.999999999996,0.7397125346976828,0.31502731913882404,0.5273699269182535,3.396015153786674
302.0,0.0,0.0,13859.999999999933,6.659354838933723,307.37,0.006333333333367,-0.0004333333333264,12359.999999999942,1506.6593548389246,305.1,0.000333333333329,-3.333333333337982e-05,10920.000000000164,2946.6593548387027,316.9,0.006333333333367,7.777777778172733e-05,15270.000000000027,1403.3406451611609,313.48,0.0086666666665118,0.0002666666666566,20970.00000000024,7103.34064516137,445.0,394.8,1.01909866525441,1597.0,4527152,3,3,43638.4930491844,2631.0765800235,1,62269900461,62269900460431,0.000668032092756336,356.663,1840.7114558252413,0.6183069,3.6713161230168825,5.531233982695017,4.60127505285595,0.000183656957928802,0.0002239685658153211,2.269999999999982,3.419999999999959,2.8449999999999704,0.00020381276187206153,10050.000000000073,0.27492235765354267,0.33526617694550404,0.3050942672995234,1.403822640894662
300.0,0.0,0.0,10050.000000000206,5.483612903084577,305.34,0.0043333333332777,-7.338169423864228e-16,8940.00000000035,1115.4836129029409,303.66,0.0013333333333529,3.333333333461892e-05,7439.999999999779,2615.483612903511,309.1,0.0059999999999521,-0.001311111111124,11040.000000000122,984.5163870968316,308.3,0.0033333333333084,-2.222222222405064e-05,11760.00000000009,1704.516387096799,339.0,77.44,1.02217985728742,1597.0,4525169,2,2,43775.1339733626,1850.88180270703,1,62269900461,62269900460331,0.000668032092756336,356.663,1840.7114558252413,1.6668133,1.0079113515620906,0.4799577864581595,0.743934569010125,0.00018791946308723538,7.246376811594226e-05,1.67999999999995,0.8000000000000114,1.2399999999999807,0.00013019161560158882,4320.00000000031,0.2813030468519404,0.10847348338753142,0.19488826511973592,0.14498411751698173
299.01,0.0013333333333371,-0.0022333333333342,9149.999999999727,5.361290322205605,304.85,0.0046666666666772,-1.1111111106110898e-05,11280.000000000327,2135.361290322806,301.84,0.0009999999999991,-6.666666666684502e-05,12779.999999999707,3635.3612903221856,302.78,0.0029999999999954,-5.555555555595641e-05,7649.999999999691,1494.6387096778308,300.08,0.0010000000000033,-7.777777777760329e-05,6150.000000000309,2994.6387096772123,307.5,229.666666666667,1.02532195872545,1597.0,4521209,3,3,44058.0046585032,3333.3244231138,1,62269900461,62269900460131,0.000668032092756336,356.663,1840.7114558252413,1.7267642,1.74314477698125,1.5636182384881332,1.6533815077346916,0.00026684397163120215,0.000352941176470601,3.0100000000000477,2.6999999999999886,2.855000000000018,0.0003098925740509016,6629.999999999398,0.3994478327084403,0.5283296720286998,0.4638887523685701,0.7669850848123114
295.0,0.0,0.0,24630.000000000065,11.802967741779868,305.14,0.0,-2.2222222222069964e-05,22980.00000000024,1661.8029677416089,300.06,0.000999999999998,-6.666666666629327e-05,19350.00000000013,5291.802967741714,303.55,0.0069999999999816,-0.0003666666666747,26099.999999999884,1458.1970322580382,300.12,0.001999999999994,3.333333333309687e-05,28080.00000000016,3438.1970322583147,784.5,9586.47222222222,1.01356849409209,1597.0,4519223,2,3,44187.453955093,1455.14369730045,1,62269900461,62269900460031,0.000668032092756336,356.663,1840.7114558252413,0.1951375,26.032925399466727,17.577349236254197,21.805137317860463,0.00022106179286335645,0.00013141762452107366,5.079999999999984,3.430000000000007,4.2549999999999955,0.00017623970869221506,8730.00000000003,0.3309149294777796,0.19672351964235363,0.2638192245600666,5.752614418623718
294.0,0.0,0.0,8339.999999999707,11.804516129343028,303.36,0.0173333333330161,0.0003333333333135,7710.000000000302,641.8045161287482,297.38,0.0009999999999829,3.333333333216565e-05,5880.000000000373,2471.8045161286773,304.19,0.0060000000000758,-0.0022999999999813,9120.000000000007,768.1954838709571,300.59,0.0003333333333288,-1.1111111111389348e-05,9690.00000000019,1338.195483871139,244.5,2104.47222222222,1.05772773449447,244.5,4516819,1,1,44367.244644801,6465.63965123233,1,62269900451,62269900450391,0.00028628660445876604,360.607,1862.8345627758445,1.9560822,3.0571312003365114,1.8404134316407152,2.4487723159886134,0.0007756160830090512,0.0003947368421052653,5.980000000000018,3.6000000000000227,4.7900000000000205,0.0005851764625571582,3809.9999999998163,2.7092293908594782,1.378817017483329,2.0440232041714035,5.005347435613274
293.0,0.0,0.0,15570.000000000056,0.7458064513793943,297.76,0.0,-4.444444444445523e-05,13650.00000000027,1920.7458064511663,293.83,0.0023333333333309,1.1111111110882724e-05,10709.999999999764,4860.745806451672,300.48,0.0003333333333327,-0.0083111111111202,15690.000000000076,119.2541935486406,299.87,0.0073333333333275,9.99999999994068e-05,16410.000000000015,839.2541935485788,512.0,4543.80555555556,1.08799436100134,1404.0,4514809,3,4,44508.6799873713,6699.92188089423,1,62269900451,62269900450291,0.00028628660445876604,360.607,1862.8345627758445,0.6676404,5.8864024264658,0.9136655165761354,3.4000339715209678,0.00028791208791208276,3.887826641172789e-05,3.930000000000007,0.6100000000000136,2.2700000000000102,0.00016339517716190533,5700.000000000251,1.0056778187592457,0.13580190552480964,0.5707398621420277,1.940534920184088
292.0,0.0,0.0,14459.999999999736,12.249548386555034,303.69,0.001333333333312,1.1111111109952852e-05,15360.000000000084,912.2495483869023,298.05,0.0,-0.0001111111111102,16319.999999999807,1872.249548386626,300.59,0.0,-0.0003555555555528,10649.999999999807,3797.750451613374,294.26,0.0009999999999825,-1.0140904319812916e-15,7650.000000000359,6797.750451612822,481.0,750.204081632653,1.08799436100134,1404.0,4512820,2,3,44659.7041667261,6699.92188089423,1,62269900451,62269900450191,0.00028628660445876604,360.607,1862.8345627758445,0.6183069,9.121684111812922,10.237634827619821,9.679659469716372,0.00036718749999999713,0.0005943661971831079,5.639999999999986,6.329999999999984,5.984999999999985,0.00048077684859155253,8669.999999999447,1.282587079804788,2.076122975808722,1.679355027806755,16.255584797925458
290.0,0.0,-0.0005555555555498,21780.00000000023,10.7988387096957,298.9,0.0,-0.0007777777777826,19139.99999999989,2629.201161290642,294.24,0.0010000000000149,-1.1111111110377622e-05,16680.000000000004,5089.20116129053,303.29,0.0016666666666887,-0.0002,26939.99999999977,5170.798838709241,293.02,0.0039999999999681,2.222222221940751e-05,30390.000000000106,8620.798838709572,657.0,3660.75,1.03329895821376,1404.0,4510782,3,5,44784.3590449237,4914.52149959396,1,62269900451,62269900450091,0.00028628660445876604,360.607,1862.8345627758445,0.1951375,23.88059692155797,52.62955587648132,38.25507639901964,0.00024346917450365698,0.00038121752041574337,4.659999999999968,10.270000000000039,7.465000000000003,0.0003123433474597002,13710.000000000102,0.8504385839635886,1.3315939847637903,1.0910162843636895,41.73691131090748
287.0,0.0,0.0,17190.000000000317,0.7588387102514389,290.46,0.0359999999997154,0.0007555555555423,13800.00000000012,3389.241161289945,282.72,0.0003333333333303,-2.997999707260597e-17,4740.000000000078,12449.241161289989,297.65,0.0136666666665564,9.999999999733247e-05,19800.0000000001,2610.758838710033,296.38,0.0003333333333312,-2.222222222284741e-05,20309.999999999767,3120.758838709702,580.0,4682.5306122449,1.02216439710697,1587.0,4502393,2,2,45362.0864611855,1129.34983742609,1,62269900441,62269900440151,0.000515801174134526,361.981,1870.5466717257555,0.17950389,43.11884322342216,7.0750556710265755,25.096949447224368,0.000560869565217383,6.41414141414129e-05,7.739999999999952,1.2699999999999818,4.504999999999967,0.0003125054896793979,15569.99999999969,1.0873755108419019,0.12435298203622196,0.6058642464390619,15.205344364761823
285.0,0.0,0.0,18360.00000000006,8.889419354698475,294.7,0.0193333333333539,0.0005222222222235,18000.000000000142,368.8894193546148,286.71,0.0036666666666692,3.333333333331801e-05,16170.000000000588,2198.889419354169,289.87,0.0026666666666632,7.777777777757482e-05,19049.999999999924,681.1105806451669,290.16,0.0023333333333324,4.444444444435653e-05,19349.999999999844,981.1105806450868,607.0,302.285714285714,1.00546509260295,1587.0,4500395,2,2,45508.316222148,1507.80270825053,1,62269900441,62269900440051,0.000515801174134526,361.981,1870.5466717257555,0.17950389,44.51157071771907,-1.6155638933841583,21.448003412167456,0.0004438888888888859,-1.5223097112862028e-05,7.990000000000009,-0.29000000000002046,3.8499999999999943,0.00021433289588801194,3179.999999999256,0.8605813851309988,0.029513498371548288,0.44504744175127353,9.545379049257711
283.3,0.0,-0.0003555555555546,2729.9999999999136,6.022451613075191,288.15,0.0040000000000509,-5.555555555270598e-05,4109.999999999935,1373.9775483869466,281.89,0.0006666666666764,2.222222222282973e-05,6089.999999999762,3353.977548386773,286.8,0.0,-3.333333333321889e-05,2039.999999999903,696.0224516130859,285.13,0.0090000000001137,0.000255555555563,1529.999999999637,1206.0224516133517,127.0,83.76,1.15301026857809,127.0,4491932,1,1,46148.3710775086,4196.77935660039,1,62269900431,62269900430111,0.00047471259314978197,371.9,1926.2953963579155,3.8081381,1.6438479337816392,0.438534512686161,1.0411912232339,0.0015231143552311653,0.0008186274509804389,6.259999999999991,1.670000000000016,3.9650000000000034,0.001170870903105802,4560.000000000125,3.208497893694154,1.7244696323489874,2.4664837630215706,2.5680812463069818
278.0,0.0,0.0,13289.999999999596,3.640774193234392,286.42,0.0053333333333717,7.777777777885773e-05,14429.99999999956,1143.640774193198,280.8,0.0030000000000234,8.888888889019771e-05,16199.999999999784,2913.6407741934217,285.03,0.0296666666668875,-0.0004777777777847,12149.999999999633,1136.3592258067292,281.92,0.0010000000000064,3.333333333379616e-05,11160.000000000007,2126.3592258063545,418.5,656.583333333333,1.07480060637191,2077.0,4489536,2,2,46318.5729304322,8438.18463893642,1,62269900421,62269900420961,0.000496149262526628,372.763,1931.151924520628,0.94261485,5.9621381732267364,3.2993326901663482,4.630735431696542,0.00038946638946640166,0.0002559670781893046,5.6200000000000045,3.109999999999957,4.364999999999981,0.0003227167338278531,5039.999999999776,0.7849782694083904,0.5159074043278801,0.6504428368681352,3.0120286909784877
277.5,0.0,0.0,15359.999999999543,11.072774192909492,277.5,0.0,0.0,15119.99999999958,228.92722580705413,277.37,0.0019999999999621,1.1111111108968078e-05,9330.000000000233,6018.927225806401,283.96,0.022999999999562,0.0003666666666407,15780.000000000153,431.07277419351885,282.14,0.0,-1.111111111102016e-05,16979.999999999913,1631.0727741932787,481.0,1486.77551020408,1.07480060637191,2077.0,4487546,3,3,46474.3915281792,8438.18463893642,1,62269900421,62269900420861,0.000496149262526628,372.763,1931.151924520628,0.6874108,0.18911545370571148,2.647616351880043,1.4183659027928772,8.597883597883537e-06,0.00011533586818757766,0.12999999999999545,1.8199999999999932,0.9749999999999943,6.19668758927306e-05,7649.99999999968,0.01732922780958904,0.23246203692863024,0.12489563236910964,0.1771477063600995
275.5,0.0,0.0,15599.999999999627,4.310709677105479,280.82,0.0023333333333636,-1.1111111108670291e-05,16379.99999999988,784.3107096773583,279.21,0.0133333333330997,0.0004333333333178,18240.00000000032,2644.3107096777985,275.5,0.315000000004106,0.0105000000002737,15389.999999999529,205.68929032299275,275.95,0.0023333333333599,1.111111111125596e-05,11309.999999999647,4285.6892903228745,528.0,564.472222222222,1.02199235917897,2077.0,4483514,2,3,46771.6454684965,4159.2768727352,1,62269900421,62269900420661,0.000496149262526628,372.763,1931.151924520628,0.7367443,2.1852901116280266,-0.6107953728152663,0.7872473694063802,9.829059829059984e-05,-2.9239766081871502e-05,1.6100000000000136,-0.44999999999998863,0.5800000000000125,3.4525416104364166e-05,6930.000000000673,0.19810691200075026,0.05893340631601205,0.12852015915838116,0.10117715721312487
273.5,0.0,0.0,18059.99999999976,8.158838709525298,279.91,0.0103333333334461,0.0003111111111189,17219.99999999995,831.8411612902819,275.7,0.0,-0.0006666666666597,11699.99999999991,6351.84116129032,281.35,0.0303333333327493,0.0006666666666312,19920.000000000167,1868.1588387099364,278.44,0.0020000000000182,2.222222222252539e-05,21779.99999999973,3728.1588387095,599.0,226.222222222222,1.01209937267083,2077.0,4479510,3,3,47080.8854547943,1999.47657263231,1,62269900421,62269900420461,0.000496149262526628,372.763,1931.151924520628,0.248608,16.9342905956678,11.705174734772754,14.319732665220277,0.0002444831591173083,0.00014608433734939762,4.210000000000036,2.910000000000025,3.5600000000000307,0.00019528374823335297,10079.99999999982,0.4927613070959408,0.29443626824207436,0.3935987876690076,5.636229416774988
271.41,0.001333333333339,-0.000288888888881,7740.000000000259,14.3954838707441,280.84,0.0016666666666733,3.333333333355566e-05,6179.999999999567,1574.3954838714362,276.12,0.0133333333333827,0.0003777777777805,4020.000000000063,3734.39548387094,280.13,0.0056666666666888,0.0001777777777791,10439.999999999683,2685.60451612868,276.52,0.0003333333333342,-2.2222222222432247e-05,15239.999999999734,7485.604516128731,405.0,372.69387755102,1.01005277010592,2077.0,4477518,2,3,47239.1012617374,3231.74504240803,1,62269900421,62269900420361,0.000496149262526628,372.763,1931.151924520628,0.94261485,5.007347362567615,3.8297720294214557,4.418559695994535,0.0007637540453074921,0.0003457854406130386,4.71999999999997,3.6100000000000136,4.164999999999992,0.0005547697429602653,11219.99999999967,1.539363459734059,0.6969383343474798,1.1181508970407694,4.940616487704479
272.0,0.0,0.0,22439.99999999973,14.539354839060252,280.4,0.0053333333332675,0.0001777777777733,21690.00000000024,764.5393548385509,275.84,0.0020000000000245,4.444444444604246e-05,18840.00000000001,3614.53935483878,276.36,0.0023333333333042,6.666666666463345e-05,25679.999999999967,3225.460645161176,270.45,0.0029999999999616,9.999999999747414e-05,30149.99999999994,7695.460645161151,780.0,2283.36,1.02775188224427,2077.0,4475494,3,4,47382.9338135038,1312.32134615673,1,62269900421,62269900420261,0.000496149262526628,372.763,1931.151924520628,0.26424164,17.256932224948855,22.36589242312459,19.811412324036723,0.0002102351313969549,0.00023014018691588911,4.560000000000002,5.910000000000025,5.235000000000014,0.000220187659156422,11309.99999999993,0.4237336367816766,0.4638527239643688,0.4437931803730227,8.792169682965554
269.5,0.0,-0.0015444444444434,8909.999999999713,0.3778064513990102,283.77,0.0309999999999917,0.0005444444444441,6870.000000000058,2039.6221935482556,273.95,0.0003333333333329,1.1111111111094942e-05,4410.000000000307,4499.622193548006,281.1,0.003333333333333,-0.0003888888888886,10590.000000000233,1680.3778064519192,273.29,0.0019999999999994,-4.4444444444370335e-05,12629.999999999927,3720.3778064516137,258.0,548.530612244898,1.10322413858071,258.0,4471503,1,1,47677.790544625,2288.33300475038,1,62269900421,62269900420061,0.000496149262526628,372.763,1931.151924520628,2.078024,4.725643410681944,3.758378313383505,4.242010862032725,0.0014294032023289534,0.0007374881964116931,9.819999999999993,7.810000000000002,8.814999999999998,0.0010834456993703233,8219.99999999962,2.8809943101593105,1.4864240504078399,2.183709180283575,9.263318062283503
271.51,0.0043333333332769,9.999999999605129e-05,6840.000000000131,1.993290322613575,279.53,0.0403333333328112,0.0009777777777415,8610.000000000016,1768.0067096772718,273.65,0.0003333333333405,3.966409087815892e-16,10859.999999999663,4018.006709676919,280.8,0.0099999999998921,-0.0001111111111077,4650.000000000297,2191.993290322447,273.19,0.0033333333332908,3.333333333011776e-05,2790.000000000206,4051.9932903225385,196.5,229.805555555556,1.90119011077197,196.5,4469095,1,1,47843.1979791564,3019.23436018366,1,62269900411,62269900410921,0.000561450945222858,383.758,1993.1105400533052,2.293525,2.5637392441230986,3.318036674791978,2.9408879594575383,0.0006829268292682909,0.0016365591397848444,5.8799999999999955,7.610000000000014,6.7450000000000045,0.0011597429845265675,8069.999999999458,1.2163606368090008,2.9148746719719942,2.0656176543904974,6.074750088639936
269.0,0.0,0.0,7590.000000000367,7.275483871496362,277.59,0.028333333333071,0.000855555555537,6329.999999999895,1252.7245161289757,268.88,0.0040000000000873,4.444444444916018e-05,3689.9999999996935,3892.7245161291776,281.36,0.0519999999995208,0.0002666666666162,7949.999999999972,367.27548387110073,273.84,0.0006666666666618,2.222222222185556e-05,11459.999999999807,3877.275483870936,240.0,68.6938775510204,1.04855111655283,240.0,4465096,1,1,48128.4658734931,6676.0537522968,1,62269900411,62269900410721,0.000561450945222858,383.758,1993.1105400533052,2.1007273,4.146183047294144,3.5797125735536395,3.8629478104238917,0.0013759873617693718,0.0009459119496855428,8.70999999999998,7.520000000000039,8.115000000000009,0.0011609496557274572,7770.000000000114,2.4507704074185823,1.68476330431696,2.067766855867771,7.987675448341501
268.0,0.0,0.0,7590.000000000356,13.685032258607862,275.71,0.0093333333334656,0.0002111111111201,8399.99999999978,823.6850322580322,270.71,0.0,-1.111111111108686e-05,9539.999999999938,1963.6850322581904,274.35,0.0023333333333688,4.444444444689116e-05,6869.999999999668,706.3149677420797,269.95,0.0003333333333377,-2.2222222221868363e-05,5129.999999999863,2446.314967741885,257.0,203.555555555556,1.00162445764485,1310.0,4463090,2,2,48284.2844712401,2191.39320314361,1,62269900411,62269900410621,0.000561450945222858,383.758,1993.1105400533052,2.078024,2.406132082831949,2.117396232892131,2.26176415786204,0.0005952380952381108,0.0006404657933042571,5.0,4.400000000000034,4.700000000000017,0.000617851944271184,4410.0000000000755,1.0601782761303244,1.1407333067184269,1.1004557914243756,2.4889714663553577
268.0,0.0,0.0,6000.000000000367,8.424129032623568,271.45,0.0116666666666886,0.0003333333333345,5460.00000000017,531.5758709675738,266.15,0.0026666666666728,-1.1111111111142149e-05,959.999999999912,5031.575870967832,273.04,0.0066666666666964,-0.0002666666666677,6719.9999999999945,728.4241290322507,269.9,0.0,-5.555555555430163e-05,8460.000000000291,2468.424129032547,189.0,43.8888888888889,1.03720563835627,189.0,4461094,1,1,48440.103068987,4718.68626521187,1,62269900411,62269900410521,0.000561450945222858,383.758,1993.1105400533052,2.469272,2.146381694018385,1.2716299092863785,1.7090058016523817,0.0009706959706959425,0.00046726190476191156,5.300000000000011,3.140000000000043,4.220000000000027,0.0007189789377289271,7500.000000000379,1.7289061118432028,0.8322399467622951,1.2805730293027489,2.1885067365179633
268.0,0.0,0.0,11789.99999999969,12.363483871289644,272.04,0.0049999999999088,0.0001666666666606,10170.000000000397,1632.363483870584,266.68,0.0003333333333361,0.0,8279.999999999742,3522.3634838712387,271.34,0.0036666666666006,-4.444444444740065e-05,12720.000000000267,917.636516129287,268.41,0.000333333333338,6.315839055511965e-17,13829.999999999753,2027.636516128772,387.0,3268.80555555555,1.2537935458632,1310.0,4459119,2,2,48579.1412023613,5992.70197178353,1,62269900411,62269900410421,0.000561450945222858,383.758,1993.1105400533052,0.94261485,5.6863097168141215,3.108374528034524,4.397342122424323,0.0005270403146509149,0.00023034591194967676,5.360000000000014,2.92999999999995,4.144999999999982,0.00037869311330029584,5550.000000000011,0.9387112429594638,0.4102689894987086,0.6744901162290862,2.9659637992530383
265.5,0.0,0.0,11220.000000000258,11.650838709312666,268.97,0.0003333333333365,-0.0003111111111097,12359.99999999994,1128.349161290369,264.27,0.0,-1.1111111111064626e-05,14909.999999999693,3678.3491612901216,271.86,0.0033333333332766,-0.0001333333333355,10170.00000000036,1061.6508387092108,266.43,0.0023333333332929,1.1111111108871062e-05,8910.000000000275,2321.6508387092963,359.5,1201.0,1.0408547272803,1310.0,4455092,2,3,48864.409096698,2086.50311079743,1,62269900411,62269900410221,0.000561450945222858,383.758,1993.1105400533052,1.8346219,2.5618357569537302,2.9597379064380083,2.760786831695869,0.00038025889967638094,0.0005339233038347901,4.7000000000000455,5.430000000000007,5.065000000000026,0.0004570911017555855,5999.999999999418,0.6772789375667431,0.9509705315802054,0.8141247345734742,2.247624846568342
264.5,0.0220000000003716,0.00055555555558,7499.999999999646,10.289806452082304,269.37,0.0293333333338276,0.0005444444444766,6539.999999999723,970.289806452006,262.77,0.0003333333333379,-2.222222222199704e-05,3449.999999999712,4060.289806452016,271.62,0.0029999999999604,-2.2222222225063043e-05,9270.0000000001,1759.7101935483715,263.84,0.0016666666666915,-4.444444444301873e-05,12569.999999999483,5059.710193547755,249.5,183.333333333333,1.02126375969191,249.5,4453089,1,2,49005.8444392683,2239.41180339924,1,62269900411,62269900410121,0.000561450945222858,383.758,1993.1105400533052,2.078024,3.1760943493381832,3.7439415208865263,3.460017935112355,0.0010091743119266519,0.0008392664509169305,6.600000000000023,7.78000000000003,7.190000000000026,0.0009242203814217912,9119.99999999977,1.797439866320072,1.4948170593671342,1.646128462843603,5.695634004937798
263.5,0.0,0.0,14400.000000000298,7.394193548694602,267.71,0.0470000000007788,0.0009444444444951,15329.999999999682,937.394193548078,264.32,0.0006666666666747,1.1111111111696555e-05,18599.99999999964,4207.3941935480325,272.17,0.0026666666666289,4.444444444183824e-05,13050.000000000062,1342.605806451542,259.73,0.0019999999999707,5.555555555359088e-05,6690.000000000219,7702.605806451384,467.5,2457.33333333333,1.00712728875432,1310.0,4451095,3,5,49156.8686186231,850.243829771449,1,62269900411,62269900410021,0.000561450945222858,383.758,1993.1105400533052,0.6874108,4.9315491389413975,18.09689418537794,11.51422166215967,0.00022113502935421114,0.0009532567049808382,3.3899999999999864,12.439999999999998,7.914999999999992,0.0005871958671675246,11909.999999999416,0.3938634910774538,1.6978450443296695,1.0458542677035616,12.042197864654488
262.0,0.0,0.0,10290.000000000344,10.256903225670612,268.74,0.0026666666666292,-3.333333333632036e-05,11070.000000000382,769.7430967743676,262.66,0.0,-2.222222222237296e-05,12929.999999999722,2629.7430967737077,267.47,0.0453333333341427,0.0008222222222728,9179.999999999702,1120.2569032263127,259.75,0.0,0.0,4620.00000000022,5680.256903225794,342.0,212.69387755102,1.02371959918167,342.0,4448717,1,1,49341.4537267233,4232.46243485886,1,62269900401,62269900400881,0.0005314193011658001,385.937,2005.407914103329,1.8346219,3.314034340910317,4.207951498655889,3.760992919783103,0.0005492321589882362,0.0008409586056645184,6.079999999999984,7.720000000000027,6.900000000000006,0.0006950953823263773,8309.999999999502,1.0335194031969843,1.5824765939431764,1.3079979985700803,4.919371211712541
261.0,0.0,0.0,6929.999999999679,3.077419354612175,266.44,0.0246666666663723,-0.0009666666666992,7649.99999999987,723.0774193548032,261.19,0.0,-1.1111111111181847e-05,9630.0000000002,2703.0774193551333,267.73,0.0303333333339125,0.0005222222222573,5279.999999999589,1646.922580645478,259.12,0.0003333333333394,-1.1111111110899231e-05,1139.999999999617,5786.92258064545,225.0,560.204081632653,1.01095430788486,1850.0,4446704,2,2,49499.6695336664,1949.08856906178,1,62269900401,62269900400781,0.0005314193011658001,385.937,2005.407914103329,2.2871509,2.2954323180867395,3.7645090016622587,3.029970659874499,0.0006862745098039333,0.0016306818181819477,5.25,8.610000000000014,6.930000000000007,0.0011584781639929404,8490.000000000582,1.291399292984692,3.068540820035408,2.17997005651005,6.605245310630405
259.0,0.0,0.0,11610.000000000293,1.4980645163122972,259.0,0.2269999999953892,0.0058999999997156,11460.000000000337,148.50193548364405,258.64,0.0003333333333351,-1.1111111110713458e-05,7500.00000000004,4108.5019354839405,263.71,0.0400000000002561,0.0013333333333503,13379.999999999676,1771.4980645156957,253.91,0.0006666666666713,-1.111111111124248e-05,20369.99999999973,8761.498064515754,405.0,6954.16,1.06872239826714,1850.0,4442680,3,4,49794.5262647876,3112.70009095817,1,62269900401,62269900400581,0.0005314193011658001,385.937,2005.407914103329,0.94261485,0.3819163242636485,10.396611049398908,5.389263686831279,3.1413612565445294e-05,0.0007324364723468027,0.36000000000001364,9.799999999999983,5.079999999999998,0.000381925042456124,12869.999999999694,0.059112667711789434,1.3782647162796338,0.7186886919957116,3.873202869908758
261.13,0.1043333333339278,0.0034777777778174,10260.00000000023,12.387096774542442,262.96,0.0116666666663788,-0.0021999999999712,7950.000000000281,2297.6129032254057,254.72,0.0,-1.1111111111239198e-05,2039.999999999752,8207.612903225934,262.45,0.0013333333333416,-5.555555555315769e-05,10440.000000000067,192.38709677438052,253.52,0.0013333333333,-1.1111111112300786e-05,17790.000000000124,7542.387096774437,300.0,871.265306122449,1.01587751072005,1850.0,4440702,2,3,49945.5504441423,2610.50075610662,1,62269900401,62269900400481,0.0005314193011658001,385.937,2005.407914103329,1.8945742,4.349262304282925,4.713460239957102,4.531361272120013,0.0010364779874213446,0.0008553639846743219,8.23999999999998,8.929999999999978,8.58499999999998,0.0009459209860478333,15750.000000000371,1.950395827075857,1.6095839627914696,1.7799898949336632,8.065777274667372
257.0,0.0,0.0,12629.99999999974,0.2709677413531608,261.45,0.0,0.0,12060.000000000337,569.7290322580502,254.32,0.0,-7.77777777776806e-05,5100.000000000088,7529.729032258298,264.56,0.001666666666666,-0.0001777777777776,13530.000000000267,900.2709677418807,253.77,0.0003333333333328,0.0,19289.999999999884,6660.270967741497,424.5,280.666666666667,1.02490634755732,1850.0,4438675,2,3,50098.9718326932,1826.43153948414,1,62269900401,62269900400381,0.0005314193011658001,385.937,2005.407914103329,0.94261485,7.564064977776969,11.446880941123911,9.50547295945044,0.0005912106135986565,0.0007974870657797324,7.1299999999999955,10.789999999999992,8.959999999999994,0.0006943488396891945,14189.999999999794,1.1125124968206637,1.5006738822437324,1.306593189532198,12.419786232100412
256.5,0.0,0.0,16829.999999999636,5.681677419495827,260.7,0.0150000000000405,0.000455555555558,15689.999999999742,1134.318322580399,252.46,0.0006666666666688,1.1111111111193218e-05,4350.000000000235,12474.318322579906,259.84,0.0023333333333415,-7.777777777814091e-05,17549.999999999625,725.6816774194849,253.02,0.0020000000000056,3.3333333333524575e-05,27149.999999999287,10325.681677419148,534.0,1591.80555555556,1.01846646426823,1850.0,4436675,2,3,50254.7904304401,4099.14169255755,1,62269900401,62269900400281,0.0005314193011658001,385.937,2005.407914103329,0.7367443,11.184341937773132,9.25694320577822,10.220642571775677,0.000525175270873175,0.0003886039886039949,8.23999999999998,6.819999999999965,7.529999999999973,0.000456889629738585,22799.999999999054,0.9882502756694624,0.7312568206527231,0.8597535481610927,8.787233715570455
256.72,0.0016666666666363,5.555555555358498e-05,13980.000000000213,2.7061935480123798,260.75,0.0020000000000277,0.0,13079.999999999633,902.7061935485926,252.67,0.0,-1.1111111111094942e-05,1410.0000000000364,12572.706193548189,259.77,0.0060000000000831,-9.9999999993487e-05,14609.999999999874,627.2938064516493,252.62,0.0,-1.1111111111063278e-05,20430.00000000033,6447.293806452106,427.0,7428.48979591837,1.02315711209465,427.0,4434684,1,2,50405.8146097949,2328.01979768673,1,62269900401,62269900400181,0.0005314193011658001,385.937,2005.407914103329,0.94261485,8.571899722361577,7.585282551347151,8.078591136854364,0.0006177370030581223,0.0004893908281998657,8.080000000000013,7.149999999999977,7.614999999999995,0.000553563915628994,19020.000000000295,1.1624286165424607,0.9209127841729977,1.0416707003577292,8.415231687430829
256.65,0.0216666666665305,0.0007222222222131,15269.999999999924,1.0567741934064545,261.2,0.0043333333333058,-6.666666666811966e-05,15600.000000000053,331.0567741935356,256.25,0.0019999999999872,2.2222222221425907e-05,20009.999999999964,4741.056774193447,262.67,0.0250000000001136,0.0007444444444511,14819.999999999804,448.9432258067136,256.62,0.002000000000009,3.333333333395988e-05,11309.999999999813,3958.943225806705,447.5,366.916666666667,1.05925940654578,1850.0,4432681,3,4,50544.8527431691,2306.0630093727,1,62269900401,62269900400081,0.0005314193011658001,385.937,2005.407914103329,0.6874108,7.200934583410018,8.801142268612281,8.00103842601115,0.0003173076923076905,0.0004082321187584407,4.949999999999989,6.050000000000011,5.5,0.0003627699055330656,8700.000000000153,0.5970947829926339,0.7681921184700712,0.6826434507313526,5.461856480566401
255.77,0.042333333333752,4.444444446871367e-05,11249.99999999981,2.706193548474402,257.38,0.0,-0.000188888888888,10889.999999999924,362.7061935483616,252.93,0.0,-3.333333333317796e-05,7350.000000000158,3902.706193548127,259.16,0.0220000000000568,-0.0001111111111033,11820.000000000042,567.2938064517566,253.78,0.0006666666666736,4.142411240456558e-16,17519.9999999998,6267.293806451515,368.5,1285.91666666667,1.06721625254996,823.0,4430275,2,3,50724.6434328771,6024.08093767306,1,62269900391,62269900390551,9.01957348806505e-05,394.43,2053.395855111074,1.3155236,3.3826834557694725,4.089626290346042,3.7361548730577576,0.00040863177226813774,0.0004551607445008464,4.449999999999989,5.380000000000024,4.915000000000006,0.00043189625838449205,10169.999999999642,4.530499948903911,5.046366605950134,4.788433277427023,17.890328323770902
253.0,0.0,0.0,6210.000000000045,14.721290322387176,259.9,0.0040000000000082,-0.0001777777777797,5669.999999999814,554.7212903226182,253.44,0.0,-1.111111111114648e-05,3180.000000000191,3044.7212903222407,260.04,0.0,-0.0003333333333259,6990.000000000327,765.2787096778957,251.59,0.0013333333333413,3.333333333379271e-05,12960.000000000002,6735.27870967757,223.5,661.25,1.06721625254996,223.5,4428290,1,1,50861.2843570553,6024.08093767306,1,62269900391,62269900390451,9.01957348806505e-05,394.43,2053.395855111074,2.2871509,2.8244748142552933,3.694552969111045,3.259513891683169,0.0011393298059965064,0.0012088698140199745,6.4599999999999795,8.450000000000017,7.454999999999998,0.0011740998100082404,9779.99999999981,12.631748136473407,13.40273811859934,13.017243127536373,42.42988480562207
252.5,0.0320000000001768,-4.591928689167677e-15,8279.99999999978,14.878451612841673,260.18,0.0003333333333363,-0.000122222222224,7469.9999999996,795.1215483873384,252.0,0.0,-1.1111111110936625e-05,5130.000000000113,3135.121548386825,260.54,0.0026666666666827,-0.0001888888888909,11039.99999999979,2774.8784516128526,253.34,0.0010000000000054,7.154650136270886e-16,12300.000000000073,4034.878451613135,258.0,311.76,1.01379155417216,258.0,4426276,1,1,50993.1308628411,2733.58423681784,1,62269900391,62269900390351,9.01957348806505e-05,394.43,2053.395855111074,2.078024,3.9364320875130714,3.464830199278014,3.700631143395543,0.0010950468540830583,0.0006521739130434922,8.180000000000007,7.200000000000017,7.690000000000012,0.0008736103835632753,7169.99999999996,12.14078310390236,7.230651359584429,9.685717231743395,35.84326683391247
258.36,0.2119999999989207,0.0070666666665946,10020.000000000176,0.594193548315161,258.29,0.0466666666667272,-0.000477777777779,9660.00000000021,360.5941935482824,250.75,0.0,0.0,4529.999999999811,5490.594193548681,258.99,0.0160000000000209,0.0001333333333336,10530.000000000144,509.4058064516521,249.94,0.0,-0.0001222222222217,17010.000000000124,6989.405806451632,316.5,249.0,1.00512379703888,316.5,4424290,1,1,51124.977368627,2213.82149022085,1,62269900391,62269900390251,9.01957348806505e-05,394.43,2053.395855111074,1.8346219,4.109838639878935,4.932896510730013,4.521367575304474,0.0007805383022774179,0.0008594491927825155,7.5400000000000205,9.050000000000011,8.295000000000016,0.0008199937475299667,12480.000000000313,8.65382718274038,9.528712127239304,9.091269654989842,41.10497183642057
251.5,0.0369999999999937,-3.3651322469309306e-15,9809.999999999987,5.725161290351025,254.96,0.0,-1.1111111111158186e-05,10529.999999999933,714.2748387095944,252.41,0.0006666666666719,2.0000638876713424e-16,13559.999999999896,3744.274838709558,258.14,0.0049999999999999,-7.777777777836595e-05,9539.99999999995,275.7251612903874,251.01,0.0006666666666677,2.938910688891481e-17,3870.000000000004,5945.725161290335,315.0,629.551020408163,1.0150091294305,823.0,4422290,2,3,51266.4127111974,1244.23048288696,1,62269900391,62269900390151,9.01957348806505e-05,394.43,2053.395855111074,1.8346219,1.3899321660068038,3.8863593504425338,2.6381457582246686,0.0002421652421652448,0.0007473794549266281,2.5500000000000114,7.1299999999999955,4.840000000000003,0.0004947723485459365,9689.999999999893,2.6848857375094797,8.286195083565552,5.485540410537515,14.471655165629553
251.8,0.0013333333333382,4.444444444474744e-05,10049.999999999942,14.523999999939406,252.98,0.0,-8.888888888877882e-05,9420.00000000008,615.4759999999224,248.67,0.0093333333333627,6.666666666895145e-05,2609.9999999999723,7425.47600000003,257.17,0.0503333333334917,0.0015111111111218,10799.999999999887,764.5239999998848,249.59,0.000333333333334,1.1111111111171071e-05,17279.999999999833,7244.52399999983,336.0,261.061224489796,1.00229276496561,336.0,4420290,1,1,51417.4368905521,2476.52327683946,1,62269900391,62269900390051,9.01957348806505e-05,394.43,2053.395855111074,1.8346219,2.349257896270314,4.131641497384919,3.240449696827617,0.00045753715498938064,0.0007018518518518603,4.310000000000002,7.5800000000000125,5.945000000000007,0.0005796945034206205,14669.99999999986,5.072713866069238,7.781430605123071,6.427072235596155,20.826604277326755
247.0,0.0,-0.0040111111111259,7739.99999999987,13.397677419636238,257.69,0.0059999999999763,-0.0006888888888994,7439.999999999917,313.39767741958894,250.87,0.0013333333333277,-2.222222222205709e-05,4260.00000000024,3493.397677419266,254.22,0.0176666666665965,-0.0036444444444154,8040.000000000173,286.6023225806666,248.19,0.0003333333333316,-1.1111111111443836e-05,11009.999999999956,3256.60232258045,256.0,3.2,1.02451488304999,256.0,4417894,1,1,51599.6247894563,3717.38621665703,1,62269900381,62269900380521,0.000596232854563564,397.365,2070.0003236242605,2.1865244,3.11910538365281,2.757801387599189,2.9384533856259996,0.000916666666666676,0.000749999999999984,6.819999999999993,6.030000000000001,6.424999999999997,0.00083333333333333,6749.999999999716,1.5374306525554784,1.257897806636261,1.3976642295958697,4.106971187424338
247.0,0.0,0.0,4919.9999999998745,1.886322580822707,255.23,0.0090000000000146,0.0003000000000009,4680.0000000000455,241.8863225806517,249.2,0.0,0.0,360.0000000000693,4561.886322580628,261.58,0.071333333333458,0.000955555555559,5939.9999999999645,1018.1136774192672,248.1,0.000666666666668,2.7535121173933606e-17,9449.999999999956,4528.113677419259,169.5,524.0,1.03256330662021,169.5,4415891,1,1,51736.2657136344,4102.40323158933,1,62269900381,62269900380421,0.000596232854563564,397.365,2070.0003236242605,3.9958587,1.5090623815994493,3.373492687223973,2.4412775344117112,0.001288461538461526,0.0022693602693602813,6.030000000000001,13.47999999999999,9.754999999999995,0.0017789109039109037,9089.999999999887,2.161003924221294,3.806164407061111,2.9835841656412025,7.283756995606377
247.0,0.0,-0.0102555555555132,6180.000000000012,13.421419354782302,260.69,0.0886666666671728,0.0025333333333654,5999.999999999874,193.42141935492052,246.32,0.0010000000000057,-2.2222222222055056e-05,1529.9999999999204,4663.421419354874,257.94,0.1029999999997868,0.0030222222222097,6420.000000000045,226.57858064525044,247.87,0.0003333333333349,8.623382679274689e-17,11399.999999999853,5206.5785806450585,228.0,131.551020408163,1.00728956442766,228.0,4413913,1,2,51894.4815205774,1860.05575304808,1,62269900381,62269900380321,0.000596232854563564,397.365,2070.0003236242605,2.4266891,5.9216484369841975,4.149686830927683,5.03566763395594,0.002395000000000051,0.0015685358255451594,14.370000000000005,10.069999999999993,12.219999999999999,0.0019817679127726055,9869.999999999933,4.0168869958586315,2.6307436994449267,3.323815347651779,16.737629367416076
247.0,0.0,0.0,5579.999999999777,13.037419354572194,255.68,0.0096666666666992,3.333333333182689e-05,4889.999999999944,676.9625806452614,248.79,0.0006666666666692,-2.222222222261836e-05,1799.9999999997146,3766.9625806454906,253.61,0.0180000000001683,-0.0020999999999699,6120.000000000065,553.0374193548596,246.9,0.0,-1.1111111111243156e-05,10349.999999999874,4783.0374193546695,204.0,88.56,1.26345276621308,204.0,4411892,1,1,52038.3140723439,4040.91871947811,1,62269900381,62269900380221,0.000596232854563564,397.365,2070.0003236242605,2.5099583,2.7450655614499495,2.673351221673315,2.7092083915616323,0.0014089979550102442,0.0010964052287581597,6.890000000000015,6.710000000000008,6.800000000000011,0.001252701591884202,8550.00000000016,2.363167249549868,1.8388876432525953,2.1010274464012317,5.692121188691525
247.95,0.0133333333333642,-0.0001666666666715,3449.999999999955,8.919354838623349,254.32,0.00299999999996,9.999999999733592e-05,2760.000000000204,681.0806451611274,250.36,0.0010000000000081,-2.222222222179619e-05,1829.9999999999347,1611.080645161397,256.48,0.0186666666665437,-0.0018777777777751,4770.0000000000655,1328.919354838734,249.05,0.0003333333333308,-9.999999999966963e-05,5730.000000000068,2288.9193548387366,96.0,27.36,1.32543930038701,96.0,4409903,1,1,52172.5577873259,2635.30929198326,1,62269900381,62269900380121,0.000596232854563564,397.365,2070.0003236242605,5.0514717,0.7839299568875964,1.470858479715878,1.1273942183017371,0.0014347826086955385,0.0015576519916142358,3.9599999999999795,7.430000000000007,5.694999999999993,0.0014962173001548873,3900.0000000001337,2.406413195304012,2.6124893650055903,2.509451280154801,2.8291408643564155
246.5,0.0,0.0,4350.000000000049,9.805806451634451,250.47,0.0,-5.555555555593956e-05,3869.999999999625,489.80580645205873,246.13,0.0013333333333224,4.444444444372889e-05,1170.000000000329,3189.8058064513543,254.82,0.0030000000000441,-0.0008222222222254,5609.999999999721,1250.1941935480372,245.97,0.0,-5.555555555594209e-05,8700.00000000004,4340.194193548356,150.0,18.0,1.05993182547093,150.0,4407912,1,1,52323.5819666806,1179.72878386574,1,62269900381,62269900380021,0.000596232854563564,397.365,2070.0003236242605,3.4823105,1.2462989610546291,2.5414160841782145,1.8938575226164218,0.0011214470284238822,0.0015775401069519491,4.340000000000003,8.849999999999994,6.594999999999999,0.0013494935676879156,7529.999999999711,1.8808876764175788,2.645845653887509,2.263366665152544,4.28649398523839
244.5,0.0,0.0,7560.000000000012,5.718838709728516,250.26,0.0059999999999927,0.0001666666666662,7169.999999999975,384.2811612903079,245.93,0.0003333333333361,1.0669814279861476e-16,5069.999999999896,2484.281161290387,251.16,0.0229999999999943,-3.333333333254234e-05,7980.000000000056,425.7188387097731,246.69,0.0,0.0,8699.999999999884,1145.7188387096005,251.5,581.666666666667,1.00776611385966,251.5,4405514,1,1,52512.9614931731,1147.1738970972,1,62269900371,62269900370821,7.071348973264841e-05,399.59,2082.5951027660103,2.1865244,1.9803117758382158,2.0443403321008904,2.012326053969553,0.0006039051603905159,0.0005601503759398455,4.329999999999984,4.469999999999999,4.3999999999999915,0.0005820277681651807,3629.9999999999873,8.540169105976013,7.921407613422084,8.230788359699048,16.563029860931717
244.0,0.0,0.0,3839.9999999999895,10.294838709637132,249.15,0.0,-0.0001000000000004,3569.9999999999977,259.7051612903547,244.76,0.0003333333333303,-1.1111111111184588e-05,90.00000000010051,3739.705161290252,248.82,0.0056666666666804,6.666666666824767e-05,4560.000000000083,730.2948387097304,244.1,0.0006666666666685,-9.999999999917186e-05,7650.000000000059,3820.2948387097063,128.0,35.0,1.19366718946416,128.0,4403519,1,1,52668.78009092,6139.62453724111,1,62269900371,62269900370721,7.071348973264841e-05,399.59,2082.5951027660103,4.373541,1.0037633400857864,1.0792170763564681,1.0414902082211273,0.0012296918767507052,0.0010350877192982265,4.390000000000015,4.719999999999999,4.555000000000007,0.0011323897980244659,7559.999999999958,17.389777840124847,14.637768878493443,16.013773359309145,16.67818815039282
244.0,0.0,-0.0009111111110969,7290.000000000165,8.787096773954545,247.84,0.0173333333331991,0.0002999999999867,7019.99999999992,278.7870967741992,246.26,0.0003333333333312,2.7536928177287268e-17,4170.000000000022,3128.7870967740973,247.83,0.0006666666666608,-1.1111111110960116e-05,7530.000000000178,231.2129032260591,244.99,0.0009999999999922,1.1111111110960116e-05,8940.000000000016,1641.2129032258972,240.0,1105.22222222222,1.19366718946416,711.0,4401514,2,2,52812.6126426865,6139.62453724111,1,62269900371,62269900370621,7.071348973264841e-05,399.59,2082.5951027660103,2.2092278,0.7151820195888909,1.2855170478686309,1.000349533728761,0.00022507122507122942,0.000377158034528544,1.5800000000000125,2.8400000000000034,2.210000000000008,0.0003011146297998867,4769.9999999999945,3.1828612323076184,5.333607999753549,4.258234616030584,4.259723012653864
243.5,0.0,0.0,5670.000000000157,14.591612903222996,246.83,0.0373333333332782,0.0008444444444419,4380.000000000088,1275.408387096846,244.4,0.0003333333333325,1.1111111111068669e-05,2130.000000000394,3525.4083870965405,246.32,0.0016666666666646,-8.88888888886169e-05,5999.999999999751,344.59161290281645,242.89,0.000666666666666,-1.111111111106867e-05,8940.000000000447,3284.591612903513,158.0,79.1388888888889,1.37561547596128,158.0,4399514,1,1,52970.8284496295,3568.92588889182,1,62269900371,62269900370521,7.071348973264841e-05,399.59,2082.5951027660103,4.001193,0.6073188600792999,0.8572443169020564,0.7322815884906781,0.0005547945205479355,0.0005716666666666915,2.430000000000007,3.430000000000007,2.930000000000007,0.0005632305936073135,6810.000000000054,7.8456673916884485,8.084266083148108,7.964966737418278,5.83259849475207
243.5,0.0,0.0,6000.000000000038,7.1496774191982695,246.79,0.0006666666666668,-0.0001222222222216,4860.000000000074,1147.1496774191628,242.52,0.0026666666666692,-2.2222222222287143e-05,2190.0000000001737,3817.149677419063,248.85,0.0409999999997858,0.0013666666666524,6450.000000000137,442.85032258090087,246.63,0.0006666666666635,-3.333333333330942e-05,7770.000000000276,1762.850322581039,165.5,351.888888888889,1.37815510716547,165.5,4397503,1,1,53112.2637921999,3060.73779346216,1,62269900371,62269900370421,7.071348973264841e-05,399.59,2082.5951027660103,3.872459,1.1026585618882043,0.5732791586397711,0.8379688602639876,0.0008786008230452504,0.0003441860465116204,4.269999999999982,2.219999999999999,3.2449999999999903,0.0006113934347784355,5580.000000000102,12.424797960997823,4.867332213597567,8.646065087297696,7.2451333069711055
243.0,0.0,0.0,3509.999999999561,12.209419354291184,247.05,0.0036666666665973,5.55555555513868e-05,1590.0000000003704,1907.7905806449,244.06,0.0003333333333368,1.111111111135789e-05,89.99999999985158,3407.7905806454182,248.86,0.0526666666656468,0.000133333333277,4680.000000000346,1182.2094193550756,241.17,0.0003333333333275,-1.1111111111340254e-05,8850.000000000331,5352.209419355061,174.5,1816.88888888889,1.22530863713821,174.5,4395501,1,1,53258.4935531624,2943.76603777969,1,62269900371,62269900370321,7.071348973264841e-05,399.59,2082.5951027660103,4.065682,0.7354239825632388,1.8914416140171602,1.3134327982901994,0.0018805031446536558,0.0016431623931622774,2.990000000000009,7.690000000000026,5.340000000000018,0.0017618327689079664,8760.00000000048,26.593273104798104,23.236901464977898,24.915087284888003,32.724292812235014
240.67,0.0006666666666626,-1.905702158568094e-16,3570.000000000029,6.6348387096759325,242.69,0.0106666666666885,-0.0003888888888904,3209.999999999918,366.6348387097869,239.31,0.0006666666666683,0.0,479.9999999998615,3096.634838709844,247.53,0.0126666666666926,3.333333333624263e-05,4710.000000000174,1133.365161290469,241.67,0.0003333333333346,-3.3333333333124484e-05,8220.000000000138,4643.365161290433,148.5,83.1388888888889,1.7553665161993,148.5,4389501,1,1,53687.5939992656,2168.84854242991,1,62269900371,62269900370021,7.071348973264841e-05,399.59,2082.5951027660103,3.4823105,0.9706199281946168,1.682790763082981,1.326705345638799,0.0010529595015576578,0.0012441613588109973,3.3799999999999955,5.860000000000014,4.6200000000000045,0.0011485604301843277,7740.000000000277,14.890503997733074,17.594399081630506,16.242451539681788,21.548947283974968
