channel_elevation,channel_slope_r,channel_curvature,channel_dist_along,channel_dist_to_river_center,ridge1_elevation,ridge1_slope_r,ridge1_curvature,ridge1_dist_along,ridge1_dist_to_river_center,floodplain1_elevation,floodplain1_slope_r,floodplain1_curvature,floodplain1_dist_along,floodplain1_dist_to_river_center,ridge2_elevation,ridge2_slope_r,ridge2_curvature,ridge2_dist_along,ridge2_dist_to_river_center,floodplain2_elevation,floodplain2_slope_r,floodplain2_curvature,floodplain2_dist_along,floodplain2_dist_to_river_center,width,width_var,sinuosity,max_width,dist_out,n_chan_mod,n_chan_max,facc,meand_len,type,reach_id,node_id,slope
438.0,0.0,0.0,4619.9999999999,10.054301380440847,453.63,0.020666666666732603,-0.01598888888874696,4739.999999999956,130.05430138049724,453.1,0.001666666666672351,3.333333333357839e-05,4829.99999999967,220.05430138021075,,,,,,,,,,,152.5,192.138888888889,1.64593983978503,152.5,4689582,1,1,31932.9205445933,2796.17649870803,1,62269900601,62269900600271,1.14627673739264
432.0,0.0,0.0,4710.000000000127,13.586564828508926,444.48,0.08700000000035388,-0.008066666666701276,4859.999999999772,163.5865648281533,435.67,0.09233333333370783,0.00011111111112034044,4980.000000000002,283.5865648283834,,,,,,,,,,,153.0,55.7142857142857,1.19940193362093,153.0,4683204,1,2,32390.7875010497,2743.1320493869,1,62269900591,62269900590501,0.676215352969609
429.81,0.0,-3.3333333333238345e-05,5369.999999999979,14.943096774309197,451.32,0.0009999999999863879,-0.0005111111111138994,6630.000000000241,1245.0569032259527,438.34,0.006333333333252807,9.999999999482446e-05,7409.999999999999,2025.0569032257108,461.18,0.012666666666872536,0.0004222222222359519,3689.9999999998095,1694.9430967744788,447.99,0.005333333333264565,-0.00032222222222856264,1800.000000000121,3584.9430967741673,286.5,6036.88888888889,1.27852631761189,1370.0,4681166,2,4,32537.0172620123,5418.7020159512,1,62269900591,62269900590401,0.676215352969609
426.5,0.0,0.0,6210.000000000304,6.994246825976006,442.03,0.01933333333325016,0.0003999999999928457,6600.000000000021,383.00575317374114,434.73,0.004666666666646263,-0.00011111111111067154,7560.000000000061,1343.0057531737812,437.07,0.06366666666639345,0.002044444444425745,5999.999999999975,216.99424682630433,435.46,0.007999999999980658,0.0002555555555543409,5910.000000000051,306.99424682622885,208.5,235.25,1.27852631761189,1370.0,4679155,2,2,32680.8498137787,5418.7020159512,1,62269900591,62269900590301,0.676215352969609
424.5,0.0,-0.00438888888884377,4800.000000000297,8.76000000032127,437.73,0.0763333333335242,-0.0025666666666795857,5369.999999999932,578.7599999999557,430.48,0.003000000000006715,3.3333333334491425e-05,7530.000000000154,2738.7600000001776,435.17,0.004333333333277743,0.00011111111110778354,4020.0000000002738,771.2399999997024,434.38,0.0,-0.0015888888888968926,3659.999999999957,1131.2400000000193,155.0,387.959183673469,1.15013825478021,1370.0,4677163,2,2,32812.6963195646,4043.20906176086,1,62269900591,62269900590201,0.676215352969609
422.5,0.0,0.0,6870.00000000027,8.189032258239422,438.89,0.3566666666661581,0.011799999999965897,5340.000000000079,1521.8109677419516,446.16,0.013333333333385529,-6.66666666644406e-05,4469.999999999806,2391.8109677422244,435.65,0.033666666666802986,0.0003555555555626406,8849.999999999807,1988.1890322577765,430.96,0.0013333333333133649,-2.2222222222480758e-05,9540.00000000031,2678.1890322582785,228.0,19.25,1.01148374277308,1370.0,4675147,2,3,32961.3232897232,4444.77758933879,1,62269900591,62269900590101,0.676215352969609
421.5,0.0,0.0,9809.999999999814,10.045161290174292,439.13,0.023666666666645894,0.00045555555555865,8579.999999999975,1219.9548387096656,438.41,0.0023333333333329493,3.333333333244371e-05,7949.999999999864,1849.9548387097766,432.0,0.0009999999999867214,-0.00012222222222106903,12180.000000000044,2380.0451612904035,429.52,0.01066666666665803,4.139165861909131e-15,12870.0000000002,3070.04516129056,329.0,274.916666666667,1.06913857321642,1370.0,4672730,2,2,33129.1279334507,3077.43278155677,1,62269900581,62269900580531,1.0321108356562
421.0,0.0,0.0,6509.999999999993,10.191096774264224,433.82,0.015333333333303365,0.0001555555555543872,4559.99999999963,1939.8089032260987,431.71,0.0023333333333318946,4.444444444435788e-05,840.0000000000074,5659.808903225721,440.4,0.0059999999999946945,7.777777777776834e-05,12300.000000000096,5800.191096774368,438.87,0.0019999999999963164,-1.1111111111162989e-05,13080.000000000073,6580.191096774344,242.0,872.489795918367,1.0835608220667,1370.0,4670709,2,3,33280.1521128055,1891.20653246064,1,62269900581,62269900580431,1.0321108356562
420.0,0.0,0.0,5370.000000000062,1.0620645161225184,435.96,0.003666666666662953,3.6868656276051827e-16,2760.0000000001583,2608.937935483781,433.81,0.001999999999997787,6.66666666665166e-05,2070.000000000017,3298.9379354839225,,,,,,,,,,,186.5,335.222222222222,1.04141548092651,1370.0,4668670,2,2,33428.7790829641,2006.39577659065,1,62269900581,62269900580331,1.0321108356562
418.0,0.0,0.0,6989.9999999995935,11.223999999302578,430.91,0.005000000000010762,0.0001222222222224558,5279.999999999892,1698.776000000399,430.24,0.0,0.0,4139.999999999807,2838.7760000004837,429.95,0.006000000000052251,-0.0001333333333334652,9749.999999999987,2771.2239999996964,426.94,0.01600000000003747,0.0005333333333358112,11429.999999999973,4451.223999999682,217.0,6969.55555555555,1.03969912293041,217.0,4666675,1,1,33572.6116347306,2765.63323487938,1,62269900581,62269900580231,1.0321108356562
416.5,0.0,0.0,5309.999999999865,1.5682580643679103,427.17,0.022000000000271726,-3.333333333237995e-05,4949.999999999652,358.4317419358458,423.43,0.0003333333333371633,1.111111111137655e-05,4109.999999999721,1198.4317419357767,428.06,0.009333333333449764,0.00021111111111939913,8550.000000000018,3241.5682580645207,427.31,0.001666666666636527,-1.7044597793042844e-15,8820.00000000043,3511.568258064932,169.0,384.888888888889,1.01774377479925,1370.0,4664638,2,2,33728.4302324775,2490.91096959959,1,62269900581,62269900580131,1.0321108356562
415.5,0.0,0.0,9269.999999999744,7.0292811535819055,419.2,0.0010000000000020008,6.618692862319106e-17,10230.000000000062,952.9707188467364,418.62,0.0003333333333326866,-2.2222222222223396e-05,10859.999999999858,1582.9707188465327,419.6,0.1566666666665143,0.0026777777777725466,8879.999999999949,397.02928115337636,421.4,0.0,0.0,7800.00000000042,1477.0292811529052,305.0,1071.91836734694,1.01625146628572,1370.0,4662634,2,3,33889.0432486167,4107.5801959802,1,62269900581,62269900580031,1.0321108356562
413.5,0.0,0.0,10020.000000000444,2.132206512582343,417.68,0.0,-0.00017777777777760076,9390.000000000058,627.8677934878033,416.85,0.0026666666666947092,-8.888888888688784e-05,8999.999999999809,1017.8677934880525,,,,,,,,,,,339.0,620.16,1.00735389466879,975.0,4660207,2,3,34054.4506831481,1862.20266429284,1,62269900571,62269900570621,0.755758522461197
412.5,0.0,0.0,11070.000000000196,8.284774193671183,422.36,0.012333333333387327,0.000300000000004344,11850.000000000096,788.2847741935711,416.16,0.0010000000000033955,-3.333333333261029e-05,12930.000000000107,1868.284774193582,415.6,0.004000000000018099,-1.1111111108914835e-05,10560.000000000058,501.71522580646706,415.25,0.0013333333333398361,1.1111111111721479e-05,10020.000000000056,1041.7152258064689,375.0,106.25,1.07258437877047,975.0,4658210,2,3,34195.8860257184,5787.64694507734,1,62269900571,62269900570521,0.755758522461197
410.5,0.0,0.0,5670.000000000154,9.33432258081666,422.45,0.011333333333252444,0.000277777777772611,6300.00000000011,639.334322580773,414.08,0.000333333333329473,-1.1111111111286947e-05,8880.000000000106,3219.3343225807685,422.27,0.0,-3.3333333333104955e-05,2880.0000000000937,2780.6656774192434,419.48,0.003000000000013377,-4.258312452674239e-16,809.9999999998087,4850.665677419528,180.0,497.551020408163,1.01994195780861,975.0,4656222,2,2,34351.7046234654,1049.52748178911,1,62269900571,62269900570421,0.755758522461197
409.0,0.0,0.0,6389.9999999999645,4.776903225846581,422.71,0.0,-4.4444444444342044e-05,5400.000000000123,994.7769032256883,419.45,0.00033333333333550097,-1.111111111092079e-05,3480.0,2914.776903225811,419.66,0.002999999999974504,9.999999999826489e-05,9840.00000000021,3445.223096774398,416.05,0.01866666666650263,-0.0010888888888974638,11970.0000000002,5575.223096774389,237.0,1225.95918367347,1.01293882549209,975.0,4654215,2,2,34505.1260120162,2589.43104838794,1,62269900571,62269900570321,0.755758522461197
408.75,0.05833333333353494,0.0019444444444578848,13320.000000000156,4.915483871247488,423.93,0.015999999999771655,0.0002777777777653357,10980.000000000126,2335.0845161287834,419.47,0.002666666666675433,-4.4444444442400265e-05,7800.000000000058,5515.084516128851,420.13,0.00500000000008049,4.44444444474121e-05,16079.999999999549,2764.91548387064,415.35,0.012333333333376858,0.00027777777777973146,17159.9999999998,3844.915483870891,433.0,2812.13888888889,1.09566812201203,975.0,4652227,2,3,34653.7529821749,4371.0063170974,1,62269900571,62269900570221,0.755758522461197
405.5,0.0,0.0,6600.000000000164,8.118709677417428,414.5,0.0,-8.88888888894479e-05,5910.000000000282,698.1187096772992,408.49,0.00033333333332957407,-3.33333333326118e-05,5220.0000000004,1388.118709677181,419.07,0.0033333333332976355,0.00011111111110876916,8370.000000000335,1761.8812903227536,417.88,0.0,-4.444444444442407e-05,8819.999999999955,2211.8812903223734,220.0,564.0,1.03232659207652,220.0,4650194,1,2,34792.7911155491,1385.20756958727,1,62269900571,62269900570121,0.755758522461197
404.0,0.0,0.0,10019.999999999523,0.9480000002658926,413.59,0.05266666666679068,0.0004555555555537335,10470.000000000196,449.05200000040713,412.69,0.0016666666666253099,-2.222222222345644e-05,12180.000000000346,2159.0520000005563,413.82,0.002333333333345733,4.444444444498509e-05,3870.000000000113,6150.9479999996765,407.95,0.0006666666666715653,1.1111111111221346e-05,389.9999999999856,9630.947999999804,326.0,344.222222222222,1.07983430567548,326.0,4648206,1,2,34943.8152949038,1206.47214675562,1,62269900571,62269900570021,0.755758522461197
401.5,0.0,0.0,5039.999999999902,0.172000000296066,409.57,0.002666666666701465,-0.00010000000000049736,4649.999999999735,390.1720000004625,405.7,0.0013333333333203174,-3.333333333277248e-05,3960.0000000002015,1080.1719999999964,415.72,0.16133333333189942,0.00432222222212206,5580.000000000084,539.8279999998858,408.65,0.0026666666666443437,2.222222222039498e-05,6210.000000000075,1169.8279999998767,169.0,458.64,1.00345768742263,1152.0,4645801,2,2,35104.428311043,689.875743126927,1,62269900561,62269900560461,0.998240963219125
399.5,0.0,0.0,7950.000000000084,3.1548387097136583,404.54,0.0,-2.2222222221937078e-05,7320.000000000234,633.1548387095636,404.09,0.000333333333339432,-3.333333333352685e-05,6329.999999999809,1623.1548387099883,413.75,0.008333333333330807,0.0001888888888888244,9629.99999999998,1676.8451612901827,413.03,0.0,-4.444444444374649e-05,10140.0000000002,2186.8451612904028,267.0,753.472222222222,1.01297968763983,1152.0,4643789,2,4,35233.8776076328,2874.24729281056,1,62269900561,62269900560361,0.998240963219125
397.5,0.0,0.0,4349.999999999909,12.66541935460009,411.45,0.0013333333333326411,4.444444444437556e-05,2189.999999999812,2147.3345806454968,408.62,0.0003333333333326866,-5.555555555545416e-05,1380.0000000002317,2957.334580645077,,,,,,,,,,,171.5,450.0,1.01057372162204,171.5,4641790,1,2,35372.915741007,766.725058189361,1,62269900561,62269900560261,0.998240963219125
396.0,0.0,0.0,10259.999999999933,6.518838709840566,406.32,0.001666666666654919,5.555555555475975e-05,8759.999999999996,1506.518838709777,399.49,0.001666666666654919,-5.301170382256887e-16,1199.9999999999068,9066.518838709866,408.57,0.013333333333235563,0.00039999999999371083,11820.00000000002,1553.4811612902467,408.49,0.005333333333424111,-6.666666666299212e-05,12239.999999999893,1973.4811612901194,374.5,738.666666666667,1.03837116211174,1152.0,4639803,3,3,35514.3510835773,796.875907658813,1,62269900561,62269900560161,0.998240963219125
394.5,0.0,0.0,11309.999999999973,5.342580645234193,407.12,0.0010000000000091101,-5.555555555647095e-05,9689.999999999816,1625.3425806453906,404.97,0.00033333333333036234,-3.33333333328961e-05,8280.000000000202,3035.342580645005,,,,,,,,,,,396.5,241.805555555556,1.00664355889892,1152.0,4637770,2,3,35655.7864261477,1142.36975904121,1,62269900561,62269900560061,0.998240963219125
392.5,0.0,0.0,14430.00000000002,0.6571612904899666,406.38,0.007333333333395159,0.00024444444444853583,10169.999999999947,4260.657161290563,389.51,0.000666666666671593,2.6257208213471856e-16,329.99999999988705,14100.657161290623,,,,,,,,,,,487.0,722.56,1.00107903719972,2460.0,4635378,3,4,35811.6050238946,1747.07143548954,1,62269900551,62269900550501,0.79554783164416
390.5,0.0,0.0,17040.000000000076,3.7258064517918683,395.43,0.15800000000068049,0.0015666666666804077,15209.999999999764,1826.274193548521,387.5,0.0,-2.2222222222390312e-05,2699.999999999986,14336.274193548299,,,,,,,,,,,563.0,3249.2,1.05175954178075,2460.0,4633356,3,4,35943.4515296805,5485.5773811707,1,62269900551,62269900550401,0.79554783164416
389.0,0.0,0.0,23489.99999999995,6.047225806301867,389.0,0.0,0.0,22620.000000000186,876.0472258060654,366.32,0.004333333333377914,3.3333333337345384e-05,840.0000000000587,22656.047225806193,,,,,,,,,,,779.0,11527.6734693878,1.05175954178075,2460.0,4631369,5,6,36077.6952446625,5485.5773811707,1,62269900551,62269900550301,0.79554783164416
387.0,0.0,0.0,10559.999999999678,2.8589677419186046,398.39,0.0,-5.555555555480017e-05,8700.000000000184,1862.858967741413,387.47,0.0009999999999912347,-0.00016666666667005935,960.0000000000106,9602.858967741586,,,,,,,,,,,345.0,2601.95918367347,1.00803200126853,2460.0,4629366,2,3,36233.5138424095,2271.29918837261,1,62269900551,62269900550201,0.79554783164416
385.5,0.0,0.0,11790.000000000156,1.1615483871446486,385.0,0.3886666666721584,0.012955555555921643,10649.99999999952,1141.1615483877813,394.21,0.0006666666666773735,-2.222222222135584e-05,8909.999999999949,2881.161548387352,,,,,,,,,,,383.0,515.836734693878,1.0128946824938,2460.0,4627350,3,3,36386.9352309603,2250.01616727052,1,62269900551,62269900550101,0.79554783164416
383.0,0.0,0.0,15659.999999999638,9.058451613198486,382.5,0.0,-0.013955555555643559,14099.999999999996,1569.0584516128401,378.15,0.0030000000000550055,6.666666667011718e-05,749.9999999996146,14919.058451613222,,,,,,,,,,,520.0,2488.0,1.01339600652336,2715.0,4624945,3,3,36564.3287114723,2221.8154762642,1,62269900541,62269900540541,0.72639134536058
381.5,0.0,0.0,27719.999999999804,1.2998709680432512,390.89,0.0023333333333050935,2.222222221973492e-05,21749.99999999988,5968.70012903188,366.11,0.0,0.0,3149.9999999997312,24568.70012903203,,,,,,,,,,,919.0,6501.83673469388,1.05325162774065,2715.0,4622954,6,8,36700.9696356504,5224.70079013951,1,62269900541,62269900540441,0.72639134536058
380.0,0.0,0.0,16649.999999999785,5.32167741966623,394.66,0.0,-7.777777777624411e-05,10980.000000000353,5675.321677419099,384.47,0.0,-8.8888888889633e-05,869.9999999998164,15785.321677419635,391.17,0.0013333333333280784,-3.333333333317351e-05,18060.000000000036,1404.6783225805848,388.86,0.0,-0.00013333333333244912,19110.000000000004,2454.678322580552,561.5,582.666666666667,1.05325162774065,2715.0,4620941,2,3,36835.2133506324,5224.70079013951,1,62269900541,62269900540341,0.72639134536058
378.5,0.0,-0.0005555555555609451,8459.999999999744,10.767483871251898,391.05,0.009666666666625735,8.88888888881059e-05,8970.000000000322,499.23251612932654,386.07,0.000999999999994725,-4.040460096111674e-18,12540.000000000118,4069.232516129123,390.41,0.02433333333322729,0.0004999999999956825,5220.000000000066,3250.767483870929,386.22,0.001333333333311551,-5.555555555671541e-05,1350.0000000002162,7120.767483870779,288.5,1754.22222222222,1.02671496212356,288.5,4618934,1,1,36979.0459023988,1163.05941505968,1,62269900541,62269900540241,0.72639134536058
380.38,0.0023333333333350865,7.777777777790223e-05,22020.00000000002,4.768000000472966,397.49,0.019333333333344527,0.0005666666666673155,27059.999999999756,5044.768000000211,393.29,0.00033333333333516747,-0.00030000000000042867,28170.000000000146,6154.7680000006,391.78,0.0,-0.0055666666665654,19350.00000000033,2665.231999999214,370.82,0.001666666666688242,4.444444444572953e-05,2339.999999999717,19675.23199999983,736.0,8817.36,1.01527497007977,2715.0,4616923,3,5,37113.2896173808,3811.56346064518,1,62269900541,62269900540141,0.72639134536058
379.7,0.01100000000003415,-0.0028222222222412017,18269.99999999972,9.63509677412003,387.86,0.0,-0.0006111111111061957,14610.000000000018,3650.3649032255817,384.67,0.0010000000000023647,-3.3333333333584456e-05,11099.999999999804,7160.364903225796,391.54,0.0010000000000023647,-5.555555555593199e-05,23009.999999999327,4749.635096773727,387.04,0.00033333333333412154,1.1111111111173765e-05,24779.999999999567,6519.635096773967,586.5,310.472222222222,1.01527497007977,2715.0,4616727,3,5,37127.6728725575,3811.56346064518,1,62269900541,62269900540131,0.72639134536058
374.5,0.0,0.0,17309.999999999636,1.1454193546487659,387.6,0.032666666666996066,0.0010888888889108287,15809.999999999807,1498.8545806451802,380.82,0.0006666666666727704,-1.1111111110801716e-05,13799.999999999874,3508.854580645113,,,,,,,,,,,572.0,860.64,1.0370270373175,2715.0,4614711,3,3,37276.2998427161,1719.18585411003,1,62269900541,62269900540031,0.72639134536058
372.5,0.0,0.0,12179.999999999707,5.8159999999224965,382.46,0.02933333333337231,6.339604767081564e-15,10860.000000000213,1314.1839999995718,374.99,0.0003333333333334748,1.1111111111130648e-05,7230.000000000167,4944.183999999617,,,,,,,,,,,407.5,845.138888888889,1.00172455931753,2715.0,4612322,2,3,37444.1044864436,878.276734224807,1,62269900531,62269900530871,1.0318088439051
373.43,0.01700000000003165,0.0005666666666687868,13080.000000000144,4.897161290142321,383.6,0.11366666666688804,0.0035888888889028477,11789.999999999822,1294.8971612904643,367.67,0.0013333333333346673,2.2222222222224077e-05,2549.999999999789,10534.897161290497,382.35,0.0016666666666683846,2.2222222222288248e-05,16980.000000000106,3895.1028387098195,379.51,0.0010000000000028042,5.10297822517439e-17,18659.99999999964,5575.102838709354,429.0,4533.71428571429,1.01408139007289,2715.0,4610334,2,3,37595.1286657983,2477.64869178604,1,62269900531,62269900530771,1.0318088439051
370.5,0.0,0.0,11940.000000000236,7.188774193233257,370.5,0.0,-0.01195555555537722,10800.000000000342,1147.1887741931278,366.23,0.0009999999999935273,6.296323416300529e-17,540.0000000002061,11407.188774193264,382.09,0.001666666666654717,2.2222222221836867e-05,15750.000000000004,3802.811225806534,379.74,0.001666666666654717,1.1111111110888117e-05,17310.000000000142,5362.811225806672,387.0,4766.24489795918,1.01408139007289,2715.0,4610121,2,3,37611.9091301711,2477.64869178604,1,62269900531,62269900530761,1.0318088439051
370.5,0.0,0.0,13350.000000000018,3.0481290322641144,370.5,0.0,-0.012033333333102757,12210.000000000198,1143.048129032084,366.47,0.0010000000000206456,3.3333333334676865e-05,2789.999999999619,10563.048129032664,382.7,0.0036666666666368857,-4.444444444322641e-05,17490.000000000415,4136.951870968132,380.2,0.007333333333253202,0.00022222222221735896,19170.00000000048,5816.951870968198,435.5,325.805555555556,1.01408139007289,2715.0,4609908,2,3,37626.2923853477,2477.64869178604,1,62269900531,62269900530751,1.0318088439051
368.5,0.0,0.0,15870.000000000053,8.178967741778251,368.0,0.016666666666474664,0.0005555555555427554,14369.999999999922,1508.1789677419092,368.42,0.000333333333339144,2.2248912781983113e-16,5909.99999999981,9968.17896774202,379.56,0.00033333333333986147,-4.44444444445103e-05,17849.999999999454,1971.8210322576233,376.77,0.006000000000123918,0.0001333333333408407,18779.99999999945,2901.8210322576197,506.0,2452.40816326531,1.00063140981878,2715.0,4607922,3,3,37782.1109830947,809.999111105688,1,62269900531,62269900530651,1.0318088439051
366.62,0.00399999999999142,0.0001333333333327563,33149.99999999995,12.906193548747979,380.19,0.09833333333308254,0.0024444444444264237,31649.99999999952,1512.9061935491773,364.57,0.0003333333333300996,-2.2222222222302898e-05,6389.999999999959,26772.906193548737,378.77,0.006666666666652014,-0.0026111111110983447,34409.99999999999,1247.0938064512957,372.16,0.0,0.0,36449.9999999997,3287.0938064510046,1100.0,4939.44,1.00985741675539,2715.0,4605913,3,5,37925.9435348611,2102.45046110858,1,62269900531,62269900530551,1.0318088439051
366.52,0.022666666666811202,0.0004888888888968576,12419.999999999822,6.733548387281189,365.97,0.12033333333410529,0.001722222222259298,11909.999999999987,516.7335483871157,370.86,0.001999999999999712,1.1111111110371057e-05,5519.999999999888,6906.733548387215,376.54,0.0023333333333478198,7.777777777875111e-05,17489.999999999676,5063.266451612573,368.79,0.00666666666666467,0.00022222222222210178,19230.000000000156,6803.2664516130535,423.0,4160.80555555556,1.0186960171554,423.0,4603911,1,2,38072.1732958237,1196.17314960707,1,62269900531,62269900530451,1.0318088439051
361.0,0.0,0.0,17130.00000000003,11.990709677556879,376.21,0.0006666666666716739,5.482232145131118e-16,21630.00000000004,4511.990709677568,368.22,0.0023333333332821744,6.666666666338844e-05,24540.00000000039,7421.990709677917,374.52,0.09966666666724107,0.0033000000000380477,16169.999999999916,948.0092903225559,367.09,0.001666666666674751,4.444444444516125e-05,11070.000000000184,6048.0092903222885,582.5,6097.66666666667,1.01868529169465,2715.0,4601901,3,3,38211.2114291979,2503.92242847624,1,62269900531,62269900530351,1.0318088439051
364.51,0.010999999999862075,0.00019999999999012035,25380.00000000072,13.835225806862582,364.64,0.006666666666599187,-0.0032222222222509592,24510.000000000466,856.1647741933921,353.39,0.022666666666385154,0.0007333333333144773,11340.000000000216,14026.164774193641,376.36,0.004000000000067575,8.88888888931721e-05,30330.000000000517,4963.835225806659,370.32,0.0009999999999867214,-9.78210568091222e-16,32850.00000000097,7483.83522580711,845.0,1956.55555555556,1.04667111246952,2715.0,4599909,4,4,38345.4551441799,2635.72563244852,1,62269900531,62269900530251,1.0318088439051
357.0,0.0,0.0,35669.999999999745,7.399354839384614,370.01,0.03433333333336573,0.0010888888888909588,34620.00000000067,1042.6006451596913,346.86,0.0009999999999999393,-6.315839055457587e-17,16259.999999999773,19402.600645160586,376.09,0.006000000000004153,-2.2222222222371467e-05,39330.00000000023,3667.399354839872,369.79,0.0043333333333373854,0.00011111111111136811,43169.99999999964,7507.399354839283,1178.0,13337.6326530612,1.02214234209031,2715.0,4597919,4,6,38489.2876959463,1673.00856314699,1,62269900531,62269900530151,1.0318088439051
354.1,0.02533333333320247,-0.0002888888888918106,15839.99999999975,13.360000000591754,364.07,0.0019999999999896468,-3.333333333347683e-05,16710.000000000087,856.6399999997448,359.82,0.0,-7.777777777875111e-05,19109.999999999705,3256.6399999993628,359.03,0.0,-0.004188888888867343,13919.999999999878,1933.3600000004644,351.6,0.005000000000001345,0.0001111111111114347,1020.000000000102,14833.36000000024,530.0,5264.8,1.01812033231315,2881.0,4591532,2,2,38971.1267443638,3819.83882925713,1,62269900521,62269900520431,0.779737352665654
354.21,0.0,-0.00010000000000064523,13859.99999999971,5.490967742043722,358.08,0.005333333333294716,-0.00040000000000647065,12149.999999999976,1715.4909677417781,350.92,0.0033333333333935874,0.00011111111111516594,2399.999999999792,11465.490967741962,358.99,0.036000000000508056,0.0011777777778115368,16139.999999999916,2274.509032258162,356.89,0.00033333333332914966,-4.715918049532882e-17,16860.00000000033,2994.5090322585766,478.0,1240.8,1.01134024042263,2881.0,4589539,3,3,39105.3704593458,1150.77184648082,1,62269900521,62269900520331,0.779737352665654
352.39,0.006999999999961316,-1.1252572947438756e-15,22650.00000000014,4.458838709524571,347.5,0.0,0.0,20309.99999999993,2344.458838709732,347.69,0.0,-4.444444444419231e-05,8640.000000000164,14014.4588387095,359.56,0.00833333333332727,-6.666666666490143e-05,25830.000000000266,3175.5411612906028,357.4,0.005999999999963408,7.777777777614943e-05,26760.000000000546,4105.541161290883,748.0,1109.84,1.02738785105846,2881.0,4587542,2,2,39244.4085927201,5839.89589382973,1,62269900521,62269900520231,0.779737352665654
350.54,0.0016666666667007222,-0.0004333333333369088,14999.9999999999,8.764774193450648,359.9,0.005333333333291481,-5.555555556146322e-05,10349.999999999816,4658.764774193534,350.07,0.0003333333333401545,-0.00041111111111629897,5789.999999999722,9218.764774193629,358.17,0.005666666666614972,0.00016666666666360555,17580.00000000026,2571.2352258069077,356.62,0.0013333333333215656,-4.44444444436926e-05,18120.00000000036,3111.2352258070096,490.0,497.387755102041,1.02738785105846,2881.0,4585566,3,3,39393.0355628787,5839.89589382973,1,62269900521,62269900520131,0.779737352665654
343.5,0.0,0.0,29370.00000000021,10.40270967678589,360.38,0.0013333333333645746,-1.1111111109939543e-05,25169.999999999916,4210.402709677081,343.17,0.0026666666666491133,1.1111111111006518e-05,12930.000000000064,16450.402709676935,352.14,0.0,-5.555555555502249e-05,31740.00000000048,2359.5972903234833,350.12,0.0006666666666642817,-2.2222222221952575e-05,32970.000000000466,3589.5972903234688,991.0,3629.84,1.02577951121474,2881.0,4583576,4,4,39539.2653238412,3371.74376677477,1,62269900521,62269900520031,0.779737352665654
341.0,0.0,0.0,30180.000000000444,7.657935483228357,353.89,0.01133333333356391,0.0003000000000145989,27870.00000000012,2302.3420645170954,328.08,0.0009999999999903745,2.2222222221448733e-05,180.0000000000428,29992.342064517172,,,,,,,,,,,1021.5,11456.25,1.01665705022853,2289.0,4581181,3,4,39716.6588043532,6065.35604990432,1,62269900511,62269900510511,1.14882505807128
340.0,0.0,0.0,14009.999999999754,12.146580645121503,348.76,0.005333333333384613,5.733000879636178e-15,15900.000000000156,1902.1465806455235,344.51,0.0006666666666707493,-2.2222222221204937e-05,17610.00000000023,3612.1465806455963,353.89,0.00033333333333535444,-0.00017777777778075433,10889.999999999927,3107.8534193547057,345.75,0.0006666666666511042,-1.1111111111665562e-05,5340.000000000308,8657.853419354324,506.0,5142.33333333333,1.02510102123894,2289.0,4579190,3,3,39874.8746112962,3827.58693982557,1,62269900511,62269900510411,1.14882505807128
341.72,0.0019999999999782934,1.111111111098783e-05,23010.000000000186,14.361290323227877,350.73,0.001666666666645344,4.444444444301619e-05,16440.000000000065,6555.638709676892,341.75,0.002000000000040154,5.5555555558150135e-05,6509.999999999639,16485.638709677318,345.73,0.0033333333333988927,-3.333333333009335e-05,24449.9999999993,1454.3612903223438,343.81,0.0023333333333744174,-3.333333333150137e-05,25889.99999999932,2894.361290322362,772.0,190.333333333333,1.0366027847412,2289.0,4577207,3,4,40016.3099538666,4572.74765893668,1,62269900511,62269900510311,1.14882505807128
339.17,0.08899999999866223,-0.0001555555556493035,23700.000000000207,5.259999999751017,348.97,0.0013333333333547923,-3.3333333332016924e-05,16079.999999999589,7625.2600000003695,336.77,0.0009999999999849023,2.2222222221229186e-05,8550.000000000198,15155.25999999976,342.93,0.006333333333243399,9.999999999714805e-05,24990.000000000266,1284.7400000003072,341.64,0.003333333333281265,-4.444444444817101e-05,26580.00000000007,2874.7400000001107,793.0,3230.20408163265,1.01256008323303,2289.0,4575233,2,3,40172.1285516135,2585.15652145954,1,62269900511,62269900510211,1.14882505807128
335.0,0.0,0.0,10350.000000000393,12.799354838914951,335.0,0.26099999999678697,0.008444444444235972,9690.000000000377,647.2006451611014,341.54,0.0003333333333315497,1.1111111110939149e-05,8700.00000000022,1637.2006451612579,341.56,0.0,-2.2222222221750633e-05,11490.000000000337,1152.7993548388586,340.48,0.00033333333333963915,-2.2222222222014046e-05,11999.999999999667,1662.7993548381892,327.0,1867.34693877551,1.03951066612971,2289.0,4573244,2,2,40327.9471493605,4000.88638369327,1,62269900511,62269900510111,1.14882505807128
333.5,0.0,0.0,17370.000000000222,2.1089032258933003,342.12,0.008666666666810872,0.00020000000000944748,13019.999999999776,4352.108903226339,333.56,0.00133333333331481,1.111111110980965e-05,600.0000000002757,16772.10890322584,,,,,,,,,,,562.0,16298.2040816326,1.04565373916474,1410.0,4570862,3,3,40505.3406298724,3519.16935947635,1,62269900501,62269900500511,0.523932525948269
332.0,0.0,0.0,16829.999999999578,12.211483870578377,344.61,0.0016666666666645192,1.7515647497200936e-16,9149.999999999847,7667.788516129152,335.38,0.0006666666666819992,1.1111111111852559e-05,719.9999999995877,16097.788516129413,,,,,,,,,,,548.5,1739.25,1.00434386668938,1410.0,4568851,2,2,40649.1731816388,1339.50104410099,1,62269900501,62269900500411,0.523932525948269
330.01,0.0003333333333356172,1.1111111111273473e-05,16950.000000000033,13.75161290343749,337.6,0.0016666666666797785,3.333333333387279e-05,13829.999999999956,3133.751612903514,333.31,0.0013333333333029713,-2.2222222223232767e-05,9570.000000000287,7393.751612903183,338.71,0.009666666666440385,-0.009033333333203178,17610.0000000005,646.2483870970282,337.35,0.004666666666703759,2.2222222222588548e-05,20310.000000000036,3346.248387096566,570.0,697.959183673469,1.0392418020921,1410.0,4566840,2,2,40793.0057334053,2956.20696766724,1,62269900501,62269900500311,0.523932525948269
328.0,0.0,0.0,8699.999999999933,9.782451612734803,334.95,0.11933333333329663,0.001555555555564711,6990.000000000116,1700.2175483870815,334.1,0.0033333333333173416,0.00011111111111008289,4020.0000000000346,4670.217548387163,338.59,0.0020000000000519776,6.666666667012931e-05,12209.999999999562,3519.7824516123637,331.94,0.007666666666664949,0.00015555555555592154,13079.99999999986,4389.782451612662,317.0,1370.56,1.04678211744825,1410.0,4564830,2,2,40941.6327035639,7679.5687575173,1,62269900501,62269900500211,0.523932525948269
329.22,0.01566666666675022,0.0003444444444507865,15569.999999999947,10.39587096757532,331.25,0.001333333333340968,-0.0001555555555571384,19919.99999999964,4339.604129032117,324.29,0.0006666666666694558,-0.00012222222222349992,22619.99999999954,7039.604129032019,,,,,,,,,,,498.0,2513.47222222222,1.04678211744825,498.0,4562822,1,2,41078.273627742,7679.5687575173,1,62269900501,62269900500111,0.523932525948269
323.5,0.0,0.0,9149.999999999589,12.545161289875978,332.7,0.003666666666630327,-0.0010333333333145992,7710.000000000428,1427.4548387092846,328.4,0.0,-3.3333333332812396e-05,5940.000000000083,3197.45483870963,331.86,0.00133333333332294,4.444444444372881e-05,10770.000000000347,1632.5451612906345,329.72,0.0013333333333230206,-5.555555555447613e-05,11700.000000000464,2562.545161290751,268.0,1557.22222222222,1.01150469701891,1955.0,4560413,2,3,41260.4615266462,1037.47200497083,1,62269900491,62269900490511,0.870421550591612
324.79,0.013999999999927331,0.0,5970.000000000109,0.16658064507737436,331.15,0.009333333333284887,-0.00021111111110902136,8550.000000000387,2579.833419355201,326.18,0.0006666666666627053,-0.00011111111111000187,9600.000000000224,3629.833419355037,331.67,0.015333333333248513,-8.888888888819532e-05,5430.000000000124,540.1665806450628,328.59,0.0006666666666645597,-6.256966877454395e-16,4109.999999999825,1860.1665806453611,184.0,86.8163265306123,1.01814702862905,184.0,4558422,1,1,41416.2801243931,1368.92162057812,1,62269900491,62269900490411,0.870421550591612
320.5,0.0,0.0,32039.99999999971,1.1832258074464335,327.58,0.0033333333333874482,8.88888888924376e-05,30599.99999999916,1441.1832258079958,323.0,0.011999999999808369,-3.3333333346108706e-05,24209.99999999977,7831.183225807385,,,,,,,,,,,1045.0,4559.83673469388,1.10171624796468,1955.0,4556436,2,4,41569.701512944,7310.1967258211,1,62269900491,62269900490311,0.870421550591612
318.0,0.0,-0.003044444444479158,31679.999999999534,6.3051612904673675,335.02,0.12366666666608112,0.000566666666587998,32699.999999999745,1026.3051612906784,321.65,0.05833333333425293,0.0016777777778373912,36749.999999999614,5076.305161290547,329.88,0.006999999999934804,0.00016666666666356124,26070.000000000346,5603.694838708721,326.32,0.0,-2.222222222234753e-05,23490.0,8183.694838709067,1042.0,2531.91666666667,1.10171624796468,1955.0,4554423,8,8,41706.3424371221,7310.1967258211,1,62269900491,62269900490211,0.870421550591612
316.5,0.0,0.0,10469.999999999878,6.550064515917256,326.65,0.004666666666659704,4.444444444490239e-05,11430.000000000142,966.550064516181,318.64,0.0,-1.1111111110956833e-05,15570.000000000296,5106.550064516336,328.06,0.00899999999994155,-1.1111111110958215e-05,6960.000000000051,3503.44993548391,323.45,0.0003333333333308878,-4.4444444445206234e-05,5309.999999999964,5153.449935483997,338.5,2044.25,1.00563055976736,1955.0,4552437,4,4,41833.3945245158,1922.71609442153,1,62269900491,62269900490111,0.870421550591612
319.75,0.0013333333333508713,3.333333333439778e-05,7919.999999999691,10.98464516180411,322.53,0.00033333333332967517,-4.444444444483233e-05,8820.000000000215,889.0153548387198,321.3,0.00033333333332965495,1.111111111087599e-05,10110.000000000067,2179.0153548385724,322.12,0.0023333333333096914,5.5555555554004024e-05,6600.000000000254,1330.9846451612411,321.25,0.005666666666739007,0.00010000000000452507,5969.999999999736,1960.9846451617586,254.0,3313.36,1.02852657908652,2276.0,4550007,2,2,41984.4187038705,2706.286031842,1,62269900481,62269900480511,0.521860079458119
312.5,0.0,0.0,10589.999999999947,6.679999999871143,323.54,0.0033333333333383356,-2.2222222222266676e-05,9209.999999999858,1373.320000000218,318.23,0.0023333333332669656,6.666666666256065e-05,7980.000000000396,2603.3199999996805,324.62,0.0006666666666669496,-0.0001555555555559446,14489.999999999844,3906.6799999997675,317.59,0.0013333333333356322,2.2222222222319063e-05,16560.000000000095,5976.6800000000185,341.5,5851.22222222222,1.05073986937524,341.5,4547994,1,1,42133.0456740292,3553.72255588654,1,62269900481,62269900480411,0.521860079458119
316.67,0.0003333333333316356,1.1111111111008036e-05,12689.999999999787,13.190709677717678,316.99,0.0,-0.004766666666640037,11610.000000000118,1093.1907096773866,316.5,0.0056666666666592945,2.222222222266803e-05,8610.000000000377,4093.1907096771283,323.88,0.0006666666666825929,-7.777777777872955e-05,15719.999999999654,3016.8092903221495,318.64,0.00033333333333165584,-3.3333333334368646e-05,18569.999999999844,5866.809290322339,416.5,2839.13888888889,1.02454498378801,2276.0,4546001,3,3,42281.6726441878,4031.51783147942,1,62269900481,62269900480311,0.521860079458119
314.94,0.004666666666611319,2.2222222217540008e-05,17549.999999999964,13.59703225827252,323.57,0.0013333333333184934,-0.00012222222222450506,18840.00000000023,1276.402967741993,317.08,0.0016666666666995853,3.333333333536572e-05,21990.00000000001,4426.402967741775,314.95,0.03833333333408056,-0.0006111111110758666,16409.999999999593,1153.5970322586436,317.07,0.005333333333435106,0.0001666666666733496,14429.99999999967,3133.5970322585654,571.0,1941.10204081633,1.01467222979569,2276.0,4543993,4,5,42439.8884511309,1620.1777680151,1,62269900481,62269900480211,0.521860079458119
311.0,0.0,0.0,9390.000000000033,8.327225806799106,316.8,0.006666666666614547,0.00012222222221733891,7349.999999999935,2031.6727741932982,315.62,0.0016666666666541612,2.222222222179072e-05,6300.000000000027,3081.6727741932064,315.93,0.00499999999996074,-6.66666666726946e-05,9599.99999999985,218.3272258066172,314.84,0.0,-1.1111111110929886e-05,10950.000000000122,1568.3272258068882,294.0,503.102040816326,1.02228898675885,2276.0,4541989,3,3,42595.7070488778,1439.17738238275,1,62269900481,62269900480111,0.521860079458119
310.0,0.0,0.0,23789.999999999825,7.82735483830038,316.41,0.004666666666680359,-0.00016666666666775417,24389.99999999981,592.1726451616851,311.49,0.014000000000044671,0.0004555555555584587,26489.999999999745,2692.1726451616196,315.82,0.0023333333333401796,7.777777777824178e-05,21479.99999999999,2317.8273548381367,314.57,0.0016666666666718963,-5.555555555384773e-05,20310.00000000012,3487.8273548380057,773.5,1430.80555555556,1.01497374029994,1950.0,4539577,3,4,42768.3061109976,1076.26288432955,1,62269900471,62269900470511,0.870976425212568
308.5,0.0,0.0,12689.999999999853,0.5916129032721074,316.09,0.0,-0.00013333333333242486,13440.000000000058,749.4083870969334,310.11,0.006333333333224583,0.00014444444443788567,16380.000000000451,3689.4083870973263,308.5,0.0,0.0,12359.999999999747,330.5916129033776,310.42,0.001666666666684326,2.2222222223701668e-05,8670.000000000085,4020.5916129030393,423.0,261.555555555556,1.0966756718727,1950.0,4537575,2,2,42895.3581983912,8591.33800192221,1,62269900471,62269900470411,0.870976425212568
307.5,0.0,0.0,26940.000000000164,4.689032258105726,314.07,0.011666666666740993,-7.777777777885769e-05,28169.999999999527,1225.3109677412576,308.78,0.002666666666683922,5.5555555556309255e-05,30719.9999999995,3775.310967741232,313.92,0.013333333333421503,7.777777777880768e-05,25619.999999999534,1324.689032258735,307.54,0.0006666666666724015,2.22222222225616e-05,22949.999999999414,3994.689032258855,886.0,915.836734693878,1.0966756718727,1950.0,4535568,3,4,43041.5879593538,8591.33800192221,1,62269900471,62269900470311,0.870976425212568
307.0,0.035666666666123635,0.0010999999999640494,12810.000000000213,2.7030967741993663,312.95,0.019000000000240547,-0.0008222222222025624,11609.999999999663,1202.7030967747487,305.47,0.003000000000026815,-0.00033333333332892783,8399.999999999965,4412.703096774447,312.26,0.0076666666667644275,0.00017777777778447588,13739.999999999902,927.2969032254896,308.49,0.0009999999999858876,3.333333333235967e-05,15809.999999999962,2997.2969032255496,414.5,1194.22222222222,1.03191456010031,1950.0,4533569,3,4,43183.0233019241,2925.04181220683,1,62269900471,62269900470211,0.870976425212568
303.5,0.0,0.0,11340.000000000162,2.6157419355004095,308.5,0.0010000000000201302,-0.00031111111111354234,11009.99999999965,332.61574193601155,305.03,0.00033333333332969534,-0.00017777777778011232,8339.999999999927,3002.615741935735,,,,,,,,,,,364.5,1793.80555555556,1.00317077341188,1597.0,4529141,2,2,43501.8521250063,960.299953147428,1,62269900461,62269900460531,0.668032092756336
302.0,0.0,0.0,13859.999999999933,6.659354838933723,307.37,0.00633333333336705,-0.0004333333333264546,12359.999999999942,1506.6593548389246,305.1,0.00033333333332904357,-3.333333333337982e-05,10920.000000000164,2946.6593548387027,316.9,0.00633333333336705,7.777777778172733e-05,15270.000000000027,1403.3406451611609,313.48,0.00866666666651187,0.00026666666665665483,20970.000000000236,7103.34064516137,445.0,394.8,1.01909866525441,1597.0,4527152,3,3,43638.4930491844,2631.0765800235,1,62269900461,62269900460431,0.668032092756336
300.0,0.0,0.0,10050.000000000206,5.483612903084577,305.34,0.0043333333332777986,-7.338169423864228e-16,8940.00000000035,1115.4836129029409,303.66,0.0013333333333529734,3.333333333461892e-05,7439.999999999779,2615.483612903511,309.1,0.00599999999995213,-0.0013111111111240655,11040.000000000122,984.5163870968317,308.3,0.0033333333333084234,-2.2222222224050642e-05,11760.00000000009,1704.516387096799,339.0,77.44,1.02217985728742,1597.0,4525169,2,2,43775.1339733626,1850.88180270703,1,62269900461,62269900460331,0.668032092756336
299.0,0.0,-0.0021111111110994375,10620.00000000004,14.701935483715715,308.52,0.006999999999993573,2.222222222294628e-05,12690.000000000053,2084.7019354837284,305.55,0.001333333333328033,-1.1111111111001299e-05,13710.000000000458,3104.701935484134,,,,,,,,,,,370.5,459.472222222222,1.01450932575094,370.5,4523197,1,2,43914.1721067368,1975.98284667848,1,62269900461,62269900460231,0.668032092756336
299.01,0.0013333333333371683,-0.0022333333333342175,9149.999999999727,5.361290322205605,304.85,0.004666666666677247,-1.1111111106110898e-05,11280.000000000327,2135.361290322806,301.84,0.0009999999999991663,-6.666666666684502e-05,12779.999999999707,3635.3612903221856,302.78,0.002999999999995422,-5.555555555595641e-05,7649.999999999691,1494.6387096778308,300.08,0.00100000000000335,-7.777777777760329e-05,6150.000000000309,2994.6387096772123,307.5,229.666666666667,1.02532195872545,1597.0,4521209,3,3,44058.0046585032,3333.3244231138,1,62269900461,62269900460131,0.668032092756336
295.0,0.0,0.0,24630.000000000065,11.802967741779867,305.14,0.0,-2.2222222222069964e-05,22980.000000000236,1661.8029677416089,300.06,0.000999999999998075,-6.666666666629327e-05,19350.00000000013,5291.802967741714,303.55,0.006999999999981689,-0.00036666666667478995,26099.999999999884,1458.1970322580382,300.12,0.0019999999999940126,3.333333333309687e-05,28080.00000000016,3438.1970322583147,784.5,9586.47222222222,1.01356849409209,1597.0,4519223,2,3,44187.453955093,1455.14369730045,1,62269900461,62269900460031,0.668032092756336
294.0,0.0,0.0,8339.999999999707,11.804516129343028,303.36,0.017333333333016177,0.0003333333333135169,7710.000000000302,641.8045161287482,297.38,0.0009999999999829774,3.333333333216565e-05,5880.000000000373,2471.8045161286773,304.19,0.006000000000075898,-0.0022999999999813053,9120.000000000007,768.1954838709571,300.59,0.00033333333332880103,-1.1111111111389348e-05,9690.00000000019,1338.195483871139,244.5,2104.47222222222,1.05772773449447,244.5,4516819,1,1,44367.244644801,6465.63965123233,1,62269900451,62269900450391,0.286286604458766
293.0,0.0,0.0,15570.000000000056,0.7458064513793943,297.76,0.0,-4.444444444445523e-05,13650.00000000027,1920.7458064511666,293.83,0.002333333333330984,1.1111111110882724e-05,10709.999999999764,4860.745806451672,300.48,0.0003333333333327068,-0.008311111111120236,15690.000000000076,119.25419354864061,299.87,0.007333333333327573,9.99999999994068e-05,16410.000000000015,839.2541935485788,512.0,4543.80555555556,1.08799436100134,1404.0,4514809,3,4,44508.6799873713,6699.92188089423,1,62269900451,62269900450291,0.286286604458766
292.0,0.0,0.0,14459.999999999736,12.249548386555034,303.69,0.001333333333312026,1.1111111109952853e-05,15360.000000000084,912.2495483869025,298.05,0.0,-0.00011111111111028752,16319.999999999807,1872.249548386626,300.59,0.0,-0.0003555555555528948,10649.999999999807,3797.750451613374,294.26,0.0009999999999825073,-1.0140904319812916e-15,7650.000000000359,6797.750451612822,481.0,750.204081632653,1.08799436100134,1404.0,4512820,2,3,44659.7041667261,6699.92188089423,1,62269900451,62269900450191,0.286286604458766
290.0,0.0,-0.0005555555555498291,21780.00000000023,10.798838709695701,298.9,0.0,-0.0007777777777826697,19139.99999999989,2629.2011612906426,294.24,0.0010000000000149308,-1.1111111110377622e-05,16680.000000000004,5089.20116129053,303.29,0.0016666666666887977,-0.0002000000000000748,26939.999999999774,5170.798838709241,293.02,0.0039999999999681375,2.222222221940751e-05,30390.000000000106,8620.798838709572,657.0,3660.75,1.03329895821376,1404.0,4510782,3,5,44784.3590449237,4914.52149959396,1,62269900451,62269900450091,0.286286604458766
289.5,0.0,0.0,19230.00000000031,6.173806451803102,292.49,0.0016666666666862462,5.555555555684822e-05,18509.999999999825,726.173806452287,291.19,0.0026666666666971804,8.888888889094081e-05,17459.99999999976,1776.1738064523524,295.47,0.004333333333294296,0.000144444444441847,20100.00000000028,863.8261935481678,296.85,0.01499999999987055,-0.0017000000000150406,21030.00000000033,1793.8261935482187,572.0,5692.16,1.0177979934405,1587.0,4506387,5,5,45088.8046128293,3501.3730572421,1,62269900441,62269900440351,0.515801174134526
294.72,0.012000000000180899,-0.007222222222228679,18539.999999999894,8.759354839115986,292.02,0.007666666666780697,3.333333334041577e-05,17339.99999999998,1208.7593548390287,287.56,0.00033333333333921474,-5.555555555555606e-05,14849.999999999724,3698.759354839287,,,,,,,,,,,602.5,1584.47222222222,1.02539602862495,1587.0,4504380,3,4,45220.6511186152,1096.82473600954,1,62269900441,62269900440251,0.515801174134526
287.0,0.0,0.0,17190.000000000317,0.7588387102514389,290.46,0.03599999999971542,0.0007555555555423749,13800.00000000012,3389.241161289945,282.72,0.0003333333333303724,-2.997999707260597e-17,4740.000000000078,12449.241161289987,297.65,0.013666666666556462,9.999999999733249e-05,19800.0000000001,2610.758838710033,296.38,0.00033333333333129204,-2.222222222284741e-05,20309.999999999767,3120.758838709702,580.0,4682.5306122449,1.02216439710697,1587.0,4502393,2,2,45362.0864611855,1129.34983742609,1,62269900441,62269900440151,0.515801174134526
285.0,0.0,0.0,18360.00000000006,8.889419354698475,294.7,0.019333333333353905,0.0005222222222235814,18000.000000000142,368.8894193546148,286.71,0.0036666666666692284,3.333333333331801e-05,16170.000000000588,2198.889419354169,289.87,0.0026666666666632258,7.777777777757482e-05,19049.999999999924,681.1105806451669,290.16,0.002333333333332454,4.4444444444356525e-05,19349.999999999844,981.1105806450869,607.0,302.285714285714,1.00546509260295,1587.0,4500395,2,2,45508.316222148,1507.80270825053,1,62269900441,62269900440051,0.515801174134526
282.0,0.0,0.0,10890.000000000431,9.514322580234875,291.82,0.009666666666480963,-0.001144444444446524,9660.000000000313,1239.514322580353,287.38,0.01033333333313417,0.0002333333333208726,8640.00000000046,2259.5143225802058,,,,,,,,,,,394.0,252.69387755102,1.00846628120414,953.0,4495967,2,3,45851.1171371913,3048.21259376353,1,62269900431,62269900430311,0.474712593149782
280.0,0.0,0.0,15330.000000000126,1.099483870810218,280.0,0.0,0.0,15119.999999999962,208.9005161293535,281.3,0.0020000000000068665,-2.2222222222358314e-05,11219.999999999936,4108.900516129379,289.01,0.00466666666668234,4.444444444471123e-05,16259.999999999613,931.0994838702973,288.4,0.0023333333333410288,-0.0005777777777816812,17069.999999999553,1741.0994838702372,540.0,73.5833333333333,1.03044274945216,953.0,4493946,2,3,46004.5385257422,1007.22541928533,1,62269900431,62269900430211,0.474712593149782
283.3,0.0,-0.0003555555555546533,2729.9999999999136,6.022451613075191,288.15,0.004000000000050901,-5.555555555270598e-05,4109.999999999935,1373.9775483869466,281.89,0.0006666666666764235,2.222222222282973e-05,6089.999999999762,3353.977548386773,286.8,0.0,-3.333333333321889e-05,2039.999999999903,696.0224516130859,285.13,0.009000000000113785,0.00025555555556301473,1529.999999999637,1206.0224516133517,127.0,83.76,1.15301026857809,127.0,4491932,1,1,46148.3710775086,4196.77935660039,1,62269900431,62269900430111,0.474712593149782
278.0,0.0,0.0,13289.999999999596,3.6407741932343924,286.42,0.005333333333371724,7.777777777885773e-05,14429.99999999956,1143.640774193198,280.8,0.0030000000000234344,8.888888889019771e-05,16199.999999999784,2913.6407741934217,285.03,0.029666666666887557,-0.0004777777777847907,12149.999999999633,1136.3592258067292,281.92,0.0010000000000064877,3.333333333379616e-05,11160.000000000007,2126.3592258063545,418.5,656.583333333333,1.07480060637191,2077.0,4489536,2,2,46318.5729304322,8438.18463893642,1,62269900421,62269900420961,0.496149262526628
277.5,0.0,0.0,15359.999999999543,11.072774192909492,277.5,0.0,0.0,15119.99999999958,228.92722580705413,277.37,0.0019999999999621198,1.1111111108968078e-05,9330.000000000233,6018.927225806401,283.96,0.022999999999562034,0.0003666666666407936,15780.000000000153,431.07277419351885,282.14,0.0,-1.111111111102016e-05,16979.999999999913,1631.0727741932787,481.0,1486.77551020408,1.07480060637191,2077.0,4487546,3,3,46474.3915281792,8438.18463893642,1,62269900421,62269900420861,0.496149262526628
275.5,0.0,0.0,15599.999999999627,4.3107096771054785,280.82,0.002333333333363665,-1.1111111108670293e-05,16379.99999999988,784.3107096773583,279.21,0.013333333333099745,0.0004333333333178635,18240.00000000032,2644.3107096777985,275.5,0.315000000004106,0.010500000000273745,15389.999999999529,205.68929032299275,275.95,0.0023333333333599867,1.1111111111255961e-05,11309.999999999647,4285.6892903228745,528.0,564.472222222222,1.02199235917897,2077.0,4483514,2,3,46771.6454684965,4159.2768727352,1,62269900421,62269900420661,0.496149262526628
277.27,0.0016666666666465568,-1.7810911888668996e-15,32369.999999999567,5.946580645537324,274.5,0.25966666666377036,0.008644444444251248,31049.999999999884,1314.0534193541462,276.2,0.001333333333360209,3.333333333501675e-05,26219.99999999962,6144.053419354408,278.62,0.040333333334125004,0.0008555555556039717,33029.9999999994,665.9465806453736,279.0,0.001999999999977763,1.1111111109128421e-05,34049.99999999948,1685.9465806454537,1047.0,3014.13888888889,1.01508104591591,2077.0,4481512,5,7,46925.0668570473,3531.75392430463,1,62269900421,62269900420561,0.496149262526628
273.5,0.0,0.0,18059.999999999756,8.158838709525298,279.91,0.010333333333446186,0.0003111111111189388,17219.99999999995,831.8411612902819,275.7,0.0,-0.0006666666666597975,11699.99999999991,6351.84116129032,281.35,0.0303333333327493,0.0006666666666312095,19920.000000000167,1868.1588387099364,278.44,0.002000000000018266,2.222222222252539e-05,21779.99999999973,3728.1588387095,599.0,226.222222222222,1.01209937267083,2077.0,4479510,3,3,47080.8854547943,1999.47657263231,1,62269900421,62269900420461,0.496149262526628
271.41,0.0013333333333390683,-0.00028888888888107395,7740.000000000259,14.395483870744101,280.84,0.0016666666666733615,3.333333333355566e-05,6179.999999999567,1574.3954838714362,276.12,0.0133333333333827,0.0003777777777805893,4020.000000000063,3734.39548387094,280.13,0.005666666666688843,0.00017777777777916443,10439.999999999683,2685.60451612868,276.52,0.00033333333333428325,-2.2222222222432247e-05,15239.999999999734,7485.604516128731,405.0,372.69387755102,1.01005277010592,2077.0,4477518,2,3,47239.1012617374,3231.74504240803,1,62269900421,62269900420361,0.496149262526628
272.0,0.0,0.0,22439.99999999973,14.539354839060252,280.4,0.005333333333267552,0.00017777777777336454,21690.00000000024,764.5393548385509,275.84,0.0020000000000245715,4.444444444604246e-05,18840.00000000001,3614.53935483878,276.36,0.002333333333304245,6.666666666463345e-05,25679.999999999967,3225.460645161176,270.45,0.002999999999961695,9.999999999747414e-05,30149.99999999994,7695.460645161151,780.0,2283.36,1.02775188224427,2077.0,4475494,3,4,47382.9338135038,1312.32134615673,1,62269900421,62269900420261,0.496149262526628
269.5,0.0,-0.001544444444443493,8909.999999999713,0.37780645139901026,283.77,0.03099999999999177,0.0005444444444441575,6870.000000000058,2039.6221935482554,273.95,0.0003333333333329392,1.1111111111094942e-05,4410.000000000307,4499.622193548006,281.1,0.0033333333333330807,-0.0003888888888886455,10590.000000000233,1680.3778064519192,273.29,0.0019999999999994696,-4.4444444444370335e-05,12629.999999999927,3720.3778064516137,258.0,548.530612244898,1.10322413858071,258.0,4471503,1,1,47677.790544625,2288.33300475038,1,62269900421,62269900420061,0.496149262526628
271.51,0.004333333333276955,9.999999999605127e-05,6840.000000000131,1.993290322613575,279.53,0.0403333333328112,0.0009777777777415235,8610.000000000016,1768.0067096772718,273.65,0.00033333333334058403,3.966409087815892e-16,10859.999999999663,4018.006709676919,280.8,0.009999999999892149,-0.00011111111110771144,4650.000000000297,2191.993290322447,273.19,0.0033333333332908398,3.333333333011776e-05,2790.000000000206,4051.9932903225385,196.5,229.805555555556,1.90119011077197,196.5,4469095,1,1,47843.1979791564,3019.23436018366,1,62269900411,62269900410921,0.561450945222858
269.0,0.0,0.0,7590.000000000367,7.2754838714963626,277.59,0.02833333333307107,0.0008555555555370086,6329.999999999895,1252.7245161289757,268.88,0.004000000000087342,4.444444444916018e-05,3689.9999999996935,3892.7245161291776,281.36,0.05199999999952083,0.0002666666666162747,7949.999999999972,367.27548387110073,273.84,0.0006666666666618109,2.222222222185556e-05,11459.999999999807,3877.275483870936,240.0,68.6938775510204,1.04855111655283,240.0,4465096,1,1,48128.4658734931,6676.0537522968,1,62269900411,62269900410721,0.561450945222858
268.0,0.0,0.0,7590.000000000356,13.685032258607862,275.71,0.009333333333465609,0.00021111111112017908,8399.99999999978,823.6850322580322,270.71,0.0,-1.111111111108686e-05,9539.999999999938,1963.6850322581904,274.35,0.002333333333368829,4.444444444689116e-05,6869.999999999668,706.3149677420797,269.95,0.000333333333337709,-2.2222222221868363e-05,5129.999999999863,2446.314967741885,257.0,203.555555555556,1.00162445764485,1310.0,4463090,2,2,48284.2844712401,2191.39320314361,1,62269900411,62269900410621,0.561450945222858
268.0,0.0,0.0,6000.000000000367,8.424129032623568,271.45,0.011666666666688646,0.00033333333333455863,5460.00000000017,531.5758709675738,266.15,0.002666666666672831,-1.1111111111142147e-05,959.999999999912,5031.575870967832,273.04,0.006666666666696402,-0.0002666666666677668,6719.9999999999945,728.4241290322507,269.9,0.0,-5.555555555430163e-05,8460.000000000291,2468.424129032547,189.0,43.8888888888889,1.03720563835627,189.0,4461094,1,1,48440.103068987,4718.68626521187,1,62269900411,62269900410521,0.561450945222858
268.0,0.0,0.0,11789.99999999969,12.363483871289645,272.04,0.004999999999908899,0.00016666666666061855,10170.000000000397,1632.3634838705839,266.68,0.0003333333333361831,0.0,8279.999999999742,3522.3634838712387,271.34,0.0036666666666006474,-4.444444444740065e-05,12720.000000000267,917.636516129287,268.41,0.00033333333333807785,6.315839055511965e-17,13829.999999999753,2027.6365161287722,387.0,3268.80555555555,1.2537935458632,1310.0,4459119,2,2,48579.1412023613,5992.70197178353,1,62269900411,62269900410421,0.561450945222858
265.5,0.0,0.0,11220.000000000258,11.650838709312666,268.97,0.0003333333333365469,-0.00031111111110979127,12359.99999999994,1128.349161290369,264.27,0.0,-1.1111111111064626e-05,14909.999999999693,3678.3491612901216,271.86,0.0033333333332766922,-0.00013333333333551982,10170.00000000036,1061.6508387092108,266.43,0.0023333333332929266,1.1111111108871062e-05,8910.000000000275,2321.6508387092963,359.5,1201.0,1.0408547272803,1310.0,4455092,2,3,48864.409096698,2086.50311079743,1,62269900411,62269900410221,0.561450945222858
264.5,0.022000000000371667,0.0005555555555800337,7499.999999999646,10.289806452082303,269.37,0.029333333333827625,0.0005444444444766686,6539.999999999723,970.2898064520059,262.77,0.0003333333333379162,-2.222222222199704e-05,3449.999999999712,4060.2898064520164,271.62,0.002999999999960422,-2.2222222225063043e-05,9270.0000000001,1759.7101935483715,263.84,0.0016666666666915009,-4.444444444301873e-05,12569.999999999483,5059.710193547755,249.5,183.333333333333,1.02126375969191,249.5,4453089,1,2,49005.8444392683,2239.41180339924,1,62269900411,62269900410121,0.561450945222858
263.5,0.0,0.0,14400.000000000298,7.394193548694602,267.71,0.047000000000778815,0.0009444444444951656,15329.999999999682,937.394193548078,264.32,0.0006666666666747107,1.1111111111696557e-05,18599.999999999636,4207.3941935480325,272.17,0.0026666666666289025,4.4444444441838235e-05,13050.000000000062,1342.6058064515419,259.73,0.0019999999999707296,5.555555555359088e-05,6690.000000000219,7702.6058064513845,467.5,2457.33333333333,1.00712728875432,1310.0,4451095,3,5,49156.8686186231,850.243829771449,1,62269900411,62269900410021,0.561450945222858
262.0,0.0,0.0,10290.000000000344,10.256903225670612,268.74,0.002666666666629271,-3.333333333632036e-05,11070.000000000382,769.7430967743676,262.66,0.0,-2.222222222237296e-05,12929.999999999722,2629.7430967737073,267.47,0.04533333333414276,0.0008222222222728853,9179.999999999702,1120.2569032263127,259.75,0.0,0.0,4620.00000000022,5680.256903225794,342.0,212.69387755102,1.02371959918167,342.0,4448717,1,1,49341.4537267233,4232.46243485886,1,62269900401,62269900400881,0.5314193011658
261.0,0.0,0.0,6929.999999999679,3.077419354612175,266.44,0.024666666666372333,-0.0009666666666992215,7649.99999999987,723.0774193548032,261.19,0.0,-1.1111111111181849e-05,9630.0000000002,2703.0774193551333,267.73,0.03033333333391254,0.0005222222222573019,5279.999999999589,1646.9225806454779,259.12,0.0003333333333394042,-1.1111111110899233e-05,1139.999999999617,5786.92258064545,225.0,560.204081632653,1.01095430788486,1850.0,4446704,2,2,49499.6695336664,1949.08856906178,1,62269900401,62269900400781,0.5314193011658
260.0,0.0,0.0,32460.00000000008,7.3527741937978135,266.43,0.0016666666666638119,-0.00013333333333250588,30870.000000000568,1597.3527741933103,256.62,0.0006666666666638775,1.1111111111025551e-05,23370.00000000055,9097.352774193329,263.71,0.0046666666666590525,-6.666666666607785e-05,33270.00000000032,802.6472258064423,258.18,0.0003333333333323834,-3.26071996370762e-16,43439.99999999998,10972.6472258061,1072.0,1355.33333333333,1.06949707493775,1850.0,4444683,2,3,49650.6937130211,1272.45501406287,1,62269900401,62269900400681,0.5314193011658
259.0,0.0,0.0,11610.000000000293,1.4980645163122972,259.0,0.22699999999538925,0.005899999999715654,11460.000000000337,148.50193548364405,258.64,0.00033333333333518265,-1.1111111110713458e-05,7500.00000000004,4108.5019354839405,263.71,0.04000000000025617,0.001333333333350361,13379.999999999676,1771.4980645156957,253.91,0.0006666666666713733,-1.111111111124248e-05,20369.999999999734,8761.498064515754,405.0,6954.16,1.06872239826714,1850.0,4442680,3,4,49794.5262647876,3112.70009095817,1,62269900401,62269900400581,0.5314193011658
261.13,0.10433333333392783,0.003477777777817416,10260.00000000023,12.387096774542442,262.96,0.011666666666378812,-0.002199999999971243,7950.000000000281,2297.6129032254057,254.72,0.0,-1.1111111111239198e-05,2039.999999999752,8207.612903225934,262.45,0.0013333333333416149,-5.555555555315769e-05,10440.000000000067,192.38709677438055,253.52,0.0013333333333000836,-1.1111111112300786e-05,17790.000000000124,7542.387096774437,300.0,871.265306122449,1.01587751072005,1850.0,4440702,2,3,49945.5504441423,2610.50075610662,1,62269900401,62269900400481,0.5314193011658
257.0,0.0,0.0,12629.99999999974,0.2709677413531608,261.45,0.0,0.0,12060.000000000337,569.7290322580502,254.32,0.0,-7.77777777776806e-05,5100.000000000088,7529.7290322582985,264.56,0.0016666666666660351,-0.00017777777777760415,13530.000000000267,900.2709677418807,253.77,0.0003333333333328281,0.0,19289.999999999884,6660.270967741497,424.5,280.666666666667,1.02490634755732,1850.0,4438675,2,3,50098.9718326932,1826.43153948414,1,62269900401,62269900400381,0.5314193011658
256.5,0.0,0.0,16829.999999999636,5.681677419495827,260.7,0.015000000000040549,0.000455555555558072,15689.999999999742,1134.3183225803987,252.46,0.0006666666666688267,1.1111111111193218e-05,4350.000000000235,12474.318322579906,259.84,0.002333333333341509,-7.777777777814091e-05,17549.999999999625,725.6816774194849,253.02,0.002000000000005654,3.3333333333524575e-05,27149.999999999287,10325.681677419147,534.0,1591.80555555556,1.01846646426823,1850.0,4436675,2,3,50254.7904304401,4099.14169255755,1,62269900401,62269900400281,0.5314193011658
256.72,0.00166666666663635,5.555555555358498e-05,13980.000000000213,2.7061935480123793,260.75,0.0020000000000277244,0.0,13079.999999999633,902.7061935485926,252.67,0.0,-1.1111111111094942e-05,1410.0000000000364,12572.706193548189,259.77,0.006000000000083173,-9.999999999348699e-05,14609.999999999874,627.2938064516493,252.62,0.0,-1.1111111111063278e-05,20430.00000000033,6447.293806452106,427.0,7428.48979591837,1.02315711209465,427.0,4434684,1,2,50405.8146097949,2328.01979768673,1,62269900401,62269900400181,0.5314193011658
256.65,0.021666666666530596,0.0007222222222131761,15269.999999999924,1.0567741934064543,261.2,0.004333333333305857,-6.666666666811966e-05,15600.000000000053,331.0567741935356,256.25,0.0019999999999872216,2.2222222221425907e-05,20009.999999999964,4741.0567741934465,262.67,0.025000000000113688,0.0007444444444511697,14819.999999999804,448.9432258067136,256.62,0.0020000000000090497,3.333333333395988e-05,11309.999999999813,3958.9432258067045,447.5,366.916666666667,1.05925940654578,1850.0,4432681,3,4,50544.8527431691,2306.0630093727,1,62269900401,62269900400081,0.5314193011658
255.77,0.04233333333375206,4.444444446871367e-05,11249.99999999981,2.7061935484744026,257.38,0.0,-0.0001888888888880247,10889.999999999924,362.7061935483616,252.93,0.0,-3.333333333317796e-05,7350.000000000158,3902.706193548127,259.16,0.02200000000005686,-0.00011111111110339574,11820.000000000042,567.2938064517566,253.78,0.000666666666673637,4.142411240456558e-16,17519.9999999998,6267.293806451515,368.5,1285.91666666667,1.06721625254996,823.0,4430275,2,3,50724.6434328771,6024.08093767306,1,62269900391,62269900390551,0.0901957348806505
253.0,0.0,0.0,6210.000000000045,14.721290322387176,259.9,0.0040000000000082764,-0.00017777777777975675,5669.999999999814,554.7212903226182,253.44,0.0,-1.111111111114648e-05,3180.000000000191,3044.7212903222407,260.04,0.0,-0.00033333333332593863,6990.000000000327,765.2787096778957,251.59,0.001333333333341314,3.333333333379271e-05,12960.000000000002,6735.27870967757,223.5,661.25,1.06721625254996,223.5,4428290,1,1,50861.2843570553,6024.08093767306,1,62269900391,62269900390451,0.0901957348806505
252.5,0.03200000000017683,-4.591928689167677e-15,8279.99999999978,14.878451612841673,260.18,0.00033333333333630436,-0.00012222222222406446,7469.9999999996,795.1215483873384,252.0,0.0,-1.1111111110936623e-05,5130.000000000113,3135.1215483868255,260.54,0.0026666666666827444,-0.00018888888889092786,11039.99999999979,2774.8784516128526,253.34,0.0010000000000054948,7.154650136270886e-16,12300.000000000073,4034.8784516131345,258.0,311.76,1.01379155417216,258.0,4426276,1,1,50993.1308628411,2733.58423681784,1,62269900391,62269900390351,0.0901957348806505
258.36,0.2119999999989207,0.007066666666594698,10020.000000000176,0.594193548315161,258.29,0.046666666666727225,-0.00047777777777900193,9660.00000000021,360.5941935482824,250.75,0.0,0.0,4529.999999999811,5490.594193548681,258.99,0.01600000000002098,0.00013333333333367798,10530.000000000144,509.4058064516521,249.94,0.0,-0.00012222222222174633,17010.000000000124,6989.405806451632,316.5,249.0,1.00512379703888,316.5,4424290,1,1,51124.977368627,2213.82149022085,1,62269900391,62269900390251,0.0901957348806505
251.5,0.036999999999993725,-3.3651322469309302e-15,9809.999999999987,5.725161290351025,254.96,0.0,-1.1111111111158186e-05,10529.999999999933,714.2748387095944,252.41,0.0006666666666719797,2.0000638876713424e-16,13559.999999999896,3744.274838709558,258.14,0.004999999999999924,-7.777777777836595e-05,9539.99999999995,275.7251612903874,251.01,0.0006666666666677479,2.9389106888914806e-17,3870.000000000004,5945.725161290335,315.0,629.551020408163,1.0150091294305,823.0,4422290,2,3,51266.4127111974,1244.23048288696,1,62269900391,62269900390151,0.0901957348806505
251.8,0.0013333333333382194,4.444444444474744e-05,10049.999999999942,14.523999999939406,252.98,0.0,-8.888888888877882e-05,9420.00000000008,615.4759999999224,248.67,0.009333333333362798,6.666666666895145e-05,2609.9999999999723,7425.47600000003,257.17,0.05033333333349173,0.0015111111111218854,10799.999999999887,764.5239999998848,249.59,0.00033333333333408115,1.1111111111171071e-05,17279.999999999833,7244.52399999983,336.0,261.061224489796,1.00229276496561,336.0,4420290,1,1,51417.4368905521,2476.52327683946,1,62269900391,62269900390051,0.0901957348806505
247.0,0.0,-0.004011111111125962,7739.99999999987,13.397677419636238,257.69,0.005999999999976398,-0.0006888888888994023,7439.999999999917,313.39767741958894,250.87,0.0013333333333277728,-2.2222222222057086e-05,4260.00000000024,3493.397677419266,254.22,0.017666666666596543,-0.0036444444444154985,8040.000000000173,286.6023225806666,248.19,0.00033333333333169623,-1.1111111111443835e-05,11009.999999999956,3256.60232258045,256.0,3.2,1.02451488304999,256.0,4417894,1,1,51599.6247894563,3717.38621665703,1,62269900381,62269900380521,0.596232854563564
247.0,0.0,0.0,4919.9999999998745,1.886322580822707,255.23,0.009000000000014673,0.0003000000000009984,4680.0000000000455,241.88632258065172,249.2,0.0,0.0,360.0000000000693,4561.886322580628,261.58,0.07133333333345804,0.0009555555555590225,5939.9999999999645,1018.1136774192673,248.1,0.0006666666666680587,2.7535121173933603e-17,9449.999999999956,4528.113677419259,169.5,524.0,1.03256330662021,169.5,4415891,1,1,51736.2657136344,4102.40323158933,1,62269900381,62269900380421,0.596232854563564
247.0,0.0,-0.010255555555513291,6180.000000000012,13.421419354782302,260.69,0.08866666666717285,0.0025333333333654572,5999.999999999874,193.42141935492054,246.32,0.0010000000000057222,-2.2222222222055056e-05,1529.9999999999204,4663.421419354874,257.94,0.10299999999978683,0.003022222222209792,6420.000000000045,226.57858064525044,247.87,0.00033333333333493,8.623382679274689e-17,11399.999999999853,5206.5785806450585,228.0,131.551020408163,1.00728956442766,228.0,4413913,1,2,51894.4815205774,1860.05575304808,1,62269900381,62269900380321,0.596232854563564
247.0,0.0,0.0,5579.999999999777,13.037419354572194,255.68,0.009666666666699224,3.333333333182689e-05,4889.999999999944,676.9625806452614,248.79,0.0006666666666692612,-2.222222222261836e-05,1799.9999999997146,3766.9625806454906,253.61,0.018000000000168354,-0.002099999999969949,6120.000000000065,553.0374193548596,246.9,0.0,-1.1111111111243156e-05,10349.999999999874,4783.0374193546695,204.0,88.56,1.26345276621308,204.0,4411892,1,1,52038.3140723439,4040.91871947811,1,62269900381,62269900380221,0.596232854563564
247.95,0.013333333333364243,-0.0001666666666715038,3449.999999999955,8.919354838623349,254.32,0.002999999999960096,9.999999999733593e-05,2760.000000000204,681.0806451611274,250.36,0.001000000000008102,-2.222222222179619e-05,1829.9999999999347,1611.080645161397,256.48,0.018666666666543756,-0.0018777777777751678,4770.0000000000655,1328.9193548387339,249.05,0.00033333333333081705,-9.999999999966963e-05,5730.000000000068,2288.9193548387366,96.0,27.36,1.32543930038701,96.0,4409903,1,1,52172.5577873259,2635.30929198326,1,62269900381,62269900380121,0.596232854563564
246.5,0.0,0.0,4350.000000000049,9.805806451634453,250.47,0.0,-5.555555555593956e-05,3869.999999999625,489.80580645205873,246.13,0.0013333333333224674,4.4444444443728893e-05,1170.000000000329,3189.8058064513543,254.82,0.003000000000044133,-0.0008222222222254729,5609.999999999721,1250.1941935480372,245.97,0.0,-5.555555555594209e-05,8700.00000000004,4340.194193548356,150.0,18.0,1.05993182547093,150.0,4407912,1,1,52323.5819666806,1179.72878386574,1,62269900381,62269900380021,0.596232854563564
244.5,0.0,0.0,7560.000000000012,5.718838709728516,250.26,0.00599999999999277,0.0001666666666662253,7169.999999999975,384.28116129030786,245.93,0.00033333333333615024,1.0669814279861477e-16,5069.999999999896,2484.281161290387,251.16,0.022999999999994344,-3.333333333254234e-05,7980.000000000056,425.7188387097731,246.69,0.0,0.0,8699.999999999884,1145.7188387096003,251.5,581.666666666667,1.00776611385966,251.5,4405514,1,1,52512.9614931731,1147.1738970972,1,62269900371,62269900370821,0.0707134897326484
244.0,0.0,0.0,3839.9999999999895,10.294838709637133,249.15,0.0,-0.00010000000000047066,3569.9999999999977,259.7051612903547,244.76,0.00033333333333035334,-1.1111111111184587e-05,90.00000000010051,3739.705161290252,248.82,0.005666666666680425,6.666666666824767e-05,4560.000000000083,730.2948387097304,244.1,0.000666666666668564,-9.999999999917186e-05,7650.000000000059,3820.2948387097067,128.0,35.0,1.19366718946416,128.0,4403519,1,1,52668.78009092,6139.62453724111,1,62269900371,62269900370721,0.0707134897326484
244.0,0.0,-0.0009111111110969889,7290.000000000165,8.787096773954545,247.84,0.01733333333319915,0.00029999999998673986,7019.99999999992,278.7870967741992,246.26,0.00033333333333126927,2.753692817728727e-17,4170.000000000022,3128.7870967740973,247.83,0.0006666666666608863,-1.1111111110960116e-05,7530.000000000178,231.2129032260591,244.99,0.0009999999999922768,1.1111111110960116e-05,8940.000000000016,1641.2129032258972,240.0,1105.22222222222,1.19366718946416,711.0,4401514,2,2,52812.6126426865,6139.62453724111,1,62269900371,62269900370621,0.0707134897326484
243.5,0.0,0.0,5670.000000000157,14.591612903222995,246.83,0.03733333333327821,0.000844444444441945,4380.000000000088,1275.4083870968461,244.4,0.0003333333333325451,1.1111111111068669e-05,2130.000000000394,3525.4083870965405,246.32,0.0016666666666646202,-8.88888888886169e-05,5999.999999999751,344.59161290281645,242.89,0.0006666666666660376,-1.111111111106867e-05,8940.000000000447,3284.591612903513,158.0,79.1388888888889,1.37561547596128,158.0,4399514,1,1,52970.8284496295,3568.92588889182,1,62269900371,62269900370521,0.0707134897326484
243.5,0.0,0.0,6000.000000000038,7.1496774191982695,246.79,0.0006666666666668284,-0.00012222222222163094,4860.000000000074,1147.1496774191628,242.52,0.0026666666666692487,-2.2222222222287143e-05,2190.0000000001737,3817.1496774190628,248.85,0.04099999999978587,0.0013666666666524024,6450.000000000137,442.85032258090087,246.63,0.0006666666666635516,-3.333333333330942e-05,7770.000000000276,1762.850322581039,165.5,351.888888888889,1.37815510716547,165.5,4397503,1,1,53112.2637921999,3060.73779346216,1,62269900371,62269900370421,0.0707134897326484
243.0,0.0,0.0,3509.999999999561,12.209419354291185,247.05,0.00366666666659731,5.5555555551386794e-05,1590.0000000003704,1907.7905806448996,244.06,0.00033333333333688343,1.111111111135789e-05,89.99999999985158,3407.7905806454182,248.86,0.05266666666564681,0.0001333333332770742,4680.000000000346,1182.2094193550756,241.17,0.00033333333332751,-1.1111111111340254e-05,8850.000000000331,5352.209419355061,174.5,1816.88888888889,1.22530863713821,174.5,4395501,1,1,53258.4935531624,2943.76603777969,1,62269900371,62269900370321,0.0707134897326484
240.67,0.000666666666662675,-1.905702158568094e-16,3570.000000000029,6.6348387096759325,242.69,0.01066666666668859,-0.0003888888888904978,3209.999999999918,366.6348387097869,239.31,0.0006666666666683922,0.0,479.9999999998615,3096.6348387098437,247.53,0.012666666666692628,3.333333333624263e-05,4710.000000000174,1133.3651612904687,241.67,0.00033333333333467486,-3.3333333333124484e-05,8220.000000000138,4643.365161290433,148.5,83.1388888888889,1.7553665161993,148.5,4389501,1,1,53687.5939992656,2168.84854242991,1,62269900371,62269900370021,0.0707134897326484
240.64,0.0009999999999960665,-7.777777777702905e-05,4679.999999999915,12.404903225559792,241.87,0.000666666666662483,-3.0990112096711044e-17,4170.000000000304,497.59509677405185,239.05,0.0,0.0,1050.0000000003336,3617.595096774022,242.13,0.0003333333333312415,-0.00014444444444785976,5039.999999999805,372.40490322544974,236.82,0.00033333333333265374,-2.9213285436419655e-16,6809.9999999998445,2142.404903225489,151.0,401.555555555555,1.07115201231552,151.0,4385103,1,1,54011.21724074,3552.6891223364,1,62269900361,62269900360721,0.254997765954295
237.18,0.03933333333348142,0.0013111111111209761,5669.999999999743,4.2561290320472835,242.42,0.00833333333334167,-0.0008222222222238459,5279.999999999594,385.74387096810096,239.11,0.0016666666666723636,2.222222222246105e-05,4410.000000000175,1255.7438709675207,241.27,0.0020000000000020765,4.444444444452386e-05,5970.000000000146,304.2561290324511,238.15,0.0040000000000040324,8.888888888895132e-05,8520.000000000045,2854.25612903235,305.5,181.25,2.33891105554847,305.5,4381103,1,1,54318.0600178418,2170.2702531235,1,62269900361,62269900360521,0.254997765954295
238.52,0.10066666666540354,0.0033555555554713357,5340.000000000341,13.966193548641968,239.12,0.0013333333333510153,-0.00041111111111036557,5429.99999999991,103.96619354821087,235.61,0.0003333333333384644,-3.333333333304432e-05,7649.999999999697,2323.966193547998,240.06,0.0,-4.444444444332198e-05,3870.000000000348,1456.0338064513512,237.87,0.001999999999974989,1.1111111109409597e-05,1860.000000000077,3466.033806451622,173.0,635.555555555556,1.23548899366485,173.0,4377131,1,1,54608.1223305707,2150.24184923794,1,62269900361,62269900360321,0.254997765954295
237.66,0.0,-0.00018888888888912123,4589.999999999987,13.829935483861846,237.83,0.017000000000061542,-0.00018888888888576847,4379.999999999985,196.17006451613997,236.72,0.0016666666666604265,5.555555555512691e-05,2100.0000000000496,2476.170064516076,239.27,0.0013333333333379186,0.0,4979.999999999921,403.82993548379545,238.56,0.0009999999999977035,-1.1111111111314567e-05,5340.000000000143,763.8299354840174,203.0,775.836734693878,2.0454652893922,203.0,4373136,1,1,54895.7874341036,2998.04672513076,1,62269900361,62269900360121,0.254997765954295
234.5,0.0,0.0,2250.000000000297,7.803870967373314,242.23,0.006000000000104281,4.444444444995371e-05,2069.999999999759,187.80387096791128,237.4,0.0006666666666607448,2.2222222221847645e-05,420.00000000002615,1837.8038709676441,242.41,0.0003333333333303674,-5.55555555546816e-05,2670.000000000324,412.1961290326535,237.08,0.0,-1.1111111111206777e-05,6149.999999999702,3892.1961290320314,246.0,35.2222222222222,2.0454652893922,246.0,4371132,1,1,55034.8255674778,2998.04672513076,1,62269900361,62269900360021,0.254997765954295
243.08,0.28600000000129666,0.009533333333419764,2009.99999999972,1.8634838707396284,234.5,0.304000000001378,0.009255555555666373,1890.000000000224,118.13651612875651,238.98,0.001000000000004557,3.333333333363587e-05,210.00000000000784,1798.1365161289727,242.78,0.015000000000067378,0.0004888888888936433,2100.0000000002324,91.8634838712519,237.21,0.003333333333241891,6.666666666160162e-05,4020.0000000003593,2011.8634838713788,213.0,199.333333333333,2.05526565472035,213.0,4364738,1,1,55490.2953147381,2736.41471035089,1,62269900351,62269900350621,0.0334192924959322
235.42,0.0013333333333019229,2.222222222058875e-05,3300.000000000388,11.461290322911282,238.49,0.001333333333299778,4.444444444218469e-05,2280.000000000468,1008.5387096770087,236.64,0.0006666666666696301,1.1111111111194145e-05,1589.9999999996476,1698.538709677829,236.8,0.0030000000000109895,-0.0002666666666696551,4589.999999999858,1301.4612903223815,235.84,0.0006666666666696352,2.2222222222408753e-05,6479.999999999695,3191.4612903222187,137.5,217.472222222222,1.1746402210548,137.5,4362730,1,1,55636.5250757007,2431.82065495225,1,62269900351,62269900350521,0.0334192924959322
234.48,0.0010000000000092845,3.333333333395103e-05,4470.000000000001,4.89948387104414,236.32,0.000333333333328081,-5.5555555555532566e-05,4020.000000000344,454.89948387070126,235.69,0.000333333333336941,1.1111111111361728e-05,3300.0000000001014,1174.8994838709436,236.12,0.005666666666565922,-0.0004333333333363222,4860.000000000212,385.10051612916686,234.76,0.001333333333310409,-2.2222222223377617e-05,5280.000000000145,805.1005161290996,152.0,284.244897959184,1.53334295118241,152.0,4358544,1,1,55950.5594803907,3909.43499045174,1,62269900351,62269900350311,0.0334192924959322
233.0,0.0006666666666684831,2.222222222233195e-05,4109.999999999824,6.971999999754189,235.67,0.0006666666666530343,-6.666666666652224e-05,3210.000000000234,893.0279999998352,234.88,0.0003333333333283589,-1.1111111111181935e-05,1710.0000000002085,2393.027999999861,,,,,,,,,,,140.0,143.888888888889,1.21890793505498,140.0,4356519,1,1,56099.1864505494,1058.64214921237,1,62269900351,62269900350211,0.0334192924959322
230.5,0.0,0.0,239.99999999977197,7.029677419569651,240.5,0.012999999999759381,0.00018888888887428506,630.0000000004469,382.9703225811053,233.64,0.001000000000012604,-2.2222222221067412e-05,2459.999999999752,2212.9703225804105,,,,,,,,,,,120.0,1.06122448979592,1.04763738695539,120.0,4354534,1,1,56245.4162115119,1990.72875106911,1,62269900351,62269900350111,0.0334192924959322
229.5,0.0,0.0,0.0,7.4490322580645625,239.98,0.016666666666726542,-0.000800000000002875,810.0000000000324,817.449032258097,231.45,0.00033333333333422264,3.317983908469259e-16,5070.000000000284,5077.449032258348,,,,,,,,,,,115.0,48.2448979591837,1.05378194548785,115.0,4352150,1,1,56430.0013196121,2232.9352904811,3,62269900343,62269900340053,3.9867982449592e-14
227.5,0.0,0.0,4710.000000000412,5.284903225551716,235.47,0.0,-0.0001888888888866245,4920.000000000191,204.71509677422728,231.06,0.002666666666695806,1.1111111111486449e-05,6899.999999999555,2184.7150967735915,237.34,0.03166666666607539,0.0008777777777401061,4080.000000000312,635.2849032256518,234.89,0.0026666666666163162,5.555555555254016e-05,1530.00000000022,3185.2849032257436,161.0,64.6666666666667,1.67616030012081,161.0,4349548,1,1,56612.1892185163,4812.71815159926,1,62269900331,62269900330571,0.631600160142083
227.0,0.0,-0.011411111111156442,3840.000000000199,4.153548387357205,237.83,0.007333333333347635,0.00016666666666966884,3720.000000000399,115.84645161244316,232.08,0.0003333333333332626,-0.0003111111111119614,1560.0000000002403,2275.8464516126014,237.63,0.0013333333333356955,-0.0006111111111135007,4799.999999999566,964.1535483867242,233.33,0.024666666666714628,0.00071111111111404,5939.999999999576,2104.153548386734,105.0,205.387755102041,1.67616030012081,105.0,4347573,1,1,56765.6106070671,4812.71815159926,1,62269900331,62269900330471,0.631600160142083
227.0,0.0,0.0,1410.0000000000102,7.180387096748518,237.71,0.014666666666542759,-0.0004444444444369458,1530.000000000112,127.18038709685038,231.02,0.0009999999999915949,-2.2222222221826757e-05,3510.000000000426,2107.1803870971644,,,,,,,,,,,94.0,60.8055555555555,2.5267857179896,94.0,4345565,1,1,56914.2375772258,1431.66387625711,1,62269900331,62269900330371,0.631600160142083
